"地方","振興局","地点番号","観測所名","よみがな","ローマ字表記","所在地"
"北海道","宗谷","11001","宗谷岬","そうやみさき","SOYAMISAKI","(cid:9974)内市宗谷岬"
"北海道","宗谷","11016","(cid:9974)内","わっかない","WAKKANAI","(cid:9974)内市(cid:14052)(cid:13344)　(cid:9974)内地方気象台"
"北海道","宗谷","11046","(cid:9833)文","れぶん","REBUN","(cid:9833)文(cid:13446)(cid:9833)文町大字香(cid:8157)村字トンナイ"
"北海道","宗谷","11076","(cid:8062)(cid:14883)志別","はまおにしべつ","HAMAONISHIBETSU","宗谷(cid:13446)(cid:8887)払村(cid:8062)(cid:14883)志別"
"北海道","宗谷","11121","(cid:7967)川","ぬまかわ","NUMAKAWA","(cid:9974)内市声問村字(cid:7967)川"
"北海道","宗谷","11151","(cid:7941)形","くつがた","KUTSUGATA","利尻(cid:13446)利尻町(cid:7941)形(cid:7976)町"
"北海道","宗谷","11176","(cid:12751)富","とよとみ","TOYOTOMI","天塩(cid:13446)(cid:12751)富町字(cid:12751)富東2条"
"北海道","宗谷","11206","(cid:8062)(cid:14459)別","はまとんべつ","HAMATOMBETSU","枝幸(cid:13446)(cid:8062)(cid:14459)別町クッチャロ(cid:8224)(cid:9217)"
"北海道","宗谷","11276","中(cid:14459)別","なかとんべつ","NAKATOMBETSU","枝幸(cid:13446)中(cid:14459)別町上(cid:14678)"
"北海道","宗谷","11291","北(cid:12386)枝幸","きたみえさし","KITAMI-ESASHI","枝幸(cid:13446)枝幸町本町　北(cid:12386)枝幸特別地域気象観測所"
"北海道","宗谷","11316","歌(cid:9423)","うたのぼり","UTANOBORI","枝幸(cid:13446)枝幸町歌(cid:9423)東町"
"北海道","上川","12011","中川","なかがわ","NAKAGAWA","中川(cid:13446)中川町中川"
"北海道","上川","12041","(cid:14434)威子府","おといねっぷ","OTOINEPPU","中川(cid:13446)(cid:14434)威子府村(cid:14434)威子府"
"北海道","上川","12141","(cid:10814)(cid:8157)","びふか","BIFUKA","中川(cid:13446)(cid:10814)(cid:8157)町(cid:12377)町"
"北海道","上川","12181","名寄","なよろ","NAYORO","名寄市大(cid:7595)"
"北海道","上川","12231","下川","しもかわ","SHIMOKAWA","上川(cid:13446)下川町南町"
"北海道","上川","12261","士別","しべつ","SHIBETSU","士別市(cid:7754)徳町"
"北海道","上川","12266","朝日","あさひ","ASAHI","士別市朝日町中央"
"北海道","上川","12301","和寒","わっさむ","WASSAMU","上川(cid:13446)和寒町日ノ出"
"北海道","上川","12386","(cid:7908)丹別","えたんべつ","ETAMBETSU","旭川市(cid:7908)丹別町(cid:11326)野"
"北海道","上川","12396","(cid:7834)布","ぴっぷ","PIPPU","上川(cid:13446)(cid:7834)布町北(cid:15920)(cid:10618)"
"北海道","上川","12411","上川","かみかわ","KAMIKAWA","上川(cid:13446)上川町(cid:7204)町"
"北海道","上川","12442","旭川","あさひかわ","ASAHIKAWA","旭川市宮前1条　旭川地方気象台"
"北海道","上川","12451","東川","ひがしかわ","HIGASHIKAWA","上川(cid:13446)東川町北町"
"北海道","上川","12512","志(cid:7834)内","しびない","SHIBINAI","上川(cid:13446)東神(cid:7462)町志(cid:7834)内"
"北海道","上川","12551","(cid:10814)(cid:9051)","びえい","BIEI","上川(cid:13446)(cid:10814)(cid:9051)町原野5(cid:10618)"
"北海道","上川","12596","上富良野","かみふらの","KAMIFURANO","空知(cid:13446)上富良野町大町"
"北海道","上川","12626","富良野","ふらの","FURANO","富良野市東町"
"北海道","上川","12632","(cid:15300)(cid:13459)","ろくごう","ROKUGO","富良野市(cid:15300)(cid:13459)市(cid:12196)地"
"北海道","上川","12691","幾寅","いくとら","IKUTORA","空知(cid:13446)南富良野町幾寅"
"北海道","上川","12746","占冠","しむかっぷ","SHIMUKAPPU","勇払(cid:13446)占冠村中央"
"北海道","上川","15041","朱(cid:14381)内","しゅまりない","SHUMARINAI","(cid:14261)(cid:10099)(cid:13446)幌加内町朱(cid:14381)内"
"北海道","上川","15076","幌加内","ほろかない","HOROKANAI","(cid:14261)(cid:10099)(cid:13446)幌加内町幌加内"
"北海道","留萌","13061","天塩","てしお","TESHIO","天塩(cid:13446)天塩町川口"
"北海道","留萌","13086","(cid:13362)別","えんべつ","EMBETSU","天塩(cid:13446)(cid:13362)別町幸和"
"北海道","留萌","13121","初山別","しょさんべつ","SHOSAMBETSU","(cid:11362)前(cid:13446)初山別村初山別"
"北海道","留萌","13146","(cid:8605)尻","やぎしり","YAGISHIRI","(cid:11362)前(cid:13446)(cid:10842)幌町(cid:8605)尻(cid:9425)(cid:8062)"
"北海道","留萌","13181","(cid:10842)幌","はぼろ","HABORO","(cid:11362)前(cid:13446)(cid:10842)幌町南3条　(cid:10842)幌特別地域気象観測所"
"北海道","留萌","13261","(cid:13353)布","たっぷ","TAPPU","留萌(cid:13446)小平町(cid:13353)布"
"北海道","留萌","13277","留萌","るもい","RUMOI","留萌市大町　留萌特別地域気象観測所"
"北海道","留萌","13311","増(cid:7839)","ましけ","MASHIKE","増(cid:7839)(cid:13446)増(cid:7839)町別(cid:11337)"
"北海道","留萌","13321","幌(cid:10439)","ほろぬか","HORONUKA","留萌市幌(cid:10439)町"
"北海道","石狩","14026","(cid:8062)(cid:9480)","はまます","HAMAMASU","石狩市(cid:8062)(cid:9480)区川下"
"北海道","石狩","14071","厚田","あつた","ATSUTA","石狩市厚田区別狩"
"北海道","石狩","14101","新(cid:10267)(cid:8032)","しんしのつ","SHINSHINOTSU","石狩(cid:13446)新(cid:10267)(cid:8032)村(cid:10152)46(cid:10618)北"
"北海道","石狩","14116","山口","やまぐち","YAMAGUCHI","札幌市手(cid:9988)区手(cid:9988)山口"
"北海道","石狩","14121","石狩","いしかり","ISHIKARI","石狩市(cid:9173)振"
"北海道","石狩","14136","(cid:7908)別","えべつ","EBETSU","(cid:7908)別市(cid:7908)別太"
"北海道","石狩","14163","札幌","さっぽろ","SAPPORO","札幌市中央区北2条(cid:12377)　札幌(cid:10230)区気象台"
"北海道","石狩","14206","恵庭島松","えにわしままつ","ENIWASHIMAMATSU","恵庭市下島松"
"北海道","石狩","14286","支(cid:10134)(cid:8224)(cid:9217)","しこつこはん","SHIKOTSUKOHAN","千(cid:7763)市支(cid:10134)(cid:8224)(cid:8194)(cid:7976)番外地"
"北海道","空知","15116","石狩(cid:7967)田","いしかりぬまた","ISHIKARINUMATA","(cid:14261)(cid:10099)(cid:13446)(cid:7967)田町(cid:10611)町"
"北海道","空知","15161","(cid:8157)川","ふかがわ","FUKAGAWA","(cid:8157)川市一已町一已"
"北海道","空知","15231","空知吉野","そらちよしの","SORACHIYOSHINO","(cid:7583)戸(cid:13446)新十(cid:8032)川町吉野"
"北海道","空知","15241","(cid:8298)川","たきかわ","TAKIKAWA","(cid:8298)川市南(cid:8298)の川"
"北海道","空知","15251","(cid:11313)別","あしべつ","ASHIBETSU","(cid:11313)別市北2条東"
"北海道","空知","15311","月形","つきがた","TSUKIGATA","(cid:7583)戸(cid:13446)月形町知来乙"
"北海道","空知","15321","(cid:10814)唄","びばい","BIBAI","(cid:10814)唄市北(cid:10814)唄町二区"
"北海道","空知","15356","岩(cid:12386)(cid:7953)","いわみざわ","IWAMIZAWA","岩(cid:12386)(cid:7953)市5条東　岩(cid:12386)(cid:7953)特別地域気象観測所"
"北海道","空知","15431","長(cid:7967)","ながぬま","NAGANUMA","夕張(cid:13446)長(cid:7967)町本町北"
"北海道","空知","15442","夕張","ゆうばり","YUBARI","夕張市鹿の谷山手町"
"北海道","後志","16026","(cid:10814)国","びくに","BIKUNI","(cid:10010)丹(cid:13446)(cid:10010)丹町(cid:10814)国町字(cid:11242)(cid:8406)"
"北海道","後志","16061","神恵内","かもえない","KAMOENAI","古宇(cid:13446)神恵内村大字神恵内村"
"北海道","後志","16076","余市","よいち","YOICHI","余市(cid:13446)余市町(cid:12751)丘町"
"北海道","後志","16091","小(cid:7585)","おたる","OTARU","小(cid:7585)市勝(cid:10465)町　小(cid:7585)特別地域気象観測所"
"北海道","後志","16156","共和","きょうわ","KYOWA","岩内(cid:13446)共和町南幌似"
"北海道","後志","16206","(cid:11858)(cid:12922)","らんこし","RANKOSHI","(cid:9790)谷(cid:13446)(cid:11858)(cid:12922)町(cid:11858)(cid:12922)"
"北海道","後志","16217","倶知安","くっちゃん","KUTCHAN","(cid:11905)田(cid:13446)倶知安町南1条東　倶知安特別地域気象観測所"
"北海道","後志","16252","寿都","すっつ","SUTTSU","寿都(cid:13446)寿都町新(cid:7204)町　寿都特別地域気象観測所"
"北海道","後志","16281","(cid:9535)狩","まっかり","MAKKARI","(cid:11905)田(cid:13446)(cid:9535)狩村(cid:10814)原"
"北海道","後志","16286","喜(cid:11377)別","きもべつ","KIMOBETSU","(cid:11905)田(cid:13446)喜(cid:11377)別町伏(cid:12386)"
"北海道","後志","16321","(cid:15342)松内","くろまつない","KUROMATSUNAI","寿都(cid:13446)(cid:15342)松内町(cid:15342)松内"
"中国","岡山","66046","上長田","かみながた","KAMINAGATA","(cid:9535)庭市(cid:11611)山上長田"
"中国","岡山","66091","千屋","ちや","CHIYA","新(cid:12386)市千屋"
"中国","岡山","66127","奈(cid:10831)","なぎ","NAGI","勝田(cid:13446)奈(cid:10831)町(cid:11432)内(cid:12377)字大(cid:7909)"
"中国","岡山","66136","今岡","いまおか","IMAOKA","(cid:10814)作市今岡"
"中国","岡山","66171","久世","くせ","KUSE","(cid:9535)庭市中島"
"中国","岡山","66186","(cid:8032)山","つやま","TSUYAMA","(cid:8032)山市林田　(cid:8032)山特別地域気象観測所"
"中国","岡山","66221","新(cid:12386)","にいみ","NIIMI","新(cid:12386)市(cid:12938)(cid:12386)堂の下"
"中国","岡山","66296","福渡","ふくわたり","FUKUWATARI","岡山市北区建(cid:13450)町福渡"
"中国","岡山","66306","和気","わけ","WAKE","和気(cid:13446)和気町吉田"
"中国","岡山","66336","高(cid:7281)","たかはし","TAKAHASHI","高(cid:7281)市(cid:11552)合町近似"
"中国","岡山","66408","岡山","おかやま","OKAYAMA","岡山市北区(cid:8032)島中　岡山地方気象台"
"中国","岡山","66421","(cid:11896)明","むしあげ","MUSHIAGE","(cid:8489)戸内市(cid:13402)久町(cid:11896)明"
"中国","岡山","66446","倉敷","くらしき","KURASHIKI","倉敷市中央"
"中国","岡山","66481","(cid:10143)岡","かさおか","KASAOKA","(cid:10143)岡市カブト東町"
"中国","岡山","66501","玉野","たまの","TAMANO","玉野市宇野"
"中国","広島","67016","高野","たかの","TAKANO","庄原市高野町新市"
"中国","広島","67106","三(cid:7711)","みよし","MIYOSHI","三(cid:7711)市三(cid:7711)町"
"中国","広島","67116","庄原","しょうばら","SHOBARA","庄原市東本町"
"中国","広島","67151","大朝","おおあさ","OASA","山(cid:9524)(cid:13446)北広島町大朝字大坪"
"中国","広島","67191","(cid:7964)木","ゆき","YUKI","神石(cid:13446)神石高原町安田伊ノ平谷"
"中国","広島","67212","加(cid:12451)","かけ","KAKE","山(cid:9524)(cid:13446)安(cid:11329)太田町加(cid:12451)字神田"
"中国","広島","67292","三入","みいり","MIIRI","広島市安佐北区三入"
"中国","広島","67316","世(cid:10806)","せら","SERA","世(cid:10806)(cid:13446)世(cid:10806)町大字東神崎字大田"
"中国","広島","67326","府中","ふちゅう","FUCHU","府中市土(cid:9173)町"
"中国","広島","67376","東広島","ひがしひろしま","HIGASHIHIROSHIMA","東広島市八本松町原"
"中国","広島","67401","福山","ふくやま","FUKUYAMA","福山市松永町　福山特別地域気象観測所"
"中国","広島","67421","廿日市(cid:8032)田","はつかいちつた","HATSUKAICHITSUTA","廿日市市(cid:8032)田"
"中国","広島","67437","広島","ひろしま","HIROSHIMA","広島市中区上八丁堀　広島地方気象台"
"中国","広島","67461","(cid:10121)原","たけはら","TAKEHARA","(cid:10121)原市忠海床(cid:8070)"
"中国","広島","67471","(cid:9173)口島","いくちじま","IKUCHIJIMA","尾道市(cid:8489)戸田町御寺"
"中国","広島","67496","大(cid:10121)","おおたけ","OTAKE","大(cid:10121)市(cid:10087)戸"
"中国","広島","67511","呉","くれ","KURE","呉市宝町　呉特別地域気象観測所"
"中国","広島","67576","呉市(cid:11622)刈","くれしかまがり","KURE-SHI-KAMAGARI","呉市(cid:11622)刈町大(cid:8070)字前沖(cid:8070)"
"中国","島根","68022","(cid:12377)(cid:13459)","さいごう","SAIGO","(cid:14211)岐(cid:13446)(cid:14211)岐の島町(cid:12377)町大城ノ一　(cid:12377)(cid:13459)特別地域気象観測所"
"中国","島根","68056","海士","あま","AMA","(cid:14211)岐(cid:13446)海士町海士"
"中国","島根","68091","鹿島","かしま","KASHIMA","松(cid:7908)市鹿島町佐(cid:14144)本(cid:13459)"
"中国","島根","68132","松(cid:7908)","まつえ","MATSUE","松(cid:7908)市(cid:12377)(cid:8032)田　松(cid:7908)地方気象台"
"中国","島根","68156","出(cid:14268)","いずも","IZUMO","出(cid:14268)市(cid:11313)渡町"
"中国","島根","68246","大田","おおだ","ODA","大田市大田町大田"
"中国","島根","68261","掛合","かけや","KAKEYA","(cid:14268)南市掛合町掛合"
"中国","島根","68276","(cid:7571)田","よこた","YOKOTA","仁多(cid:13446)奥出(cid:14268)町(cid:9988)原"
"中国","島根","68306","(cid:12901)名","あかな","AKANA","(cid:14564)石(cid:13446)(cid:14564)南町下(cid:12901)名"
"中国","島根","68351","川本","かわもと","KAWAMOTO","(cid:13402)智(cid:13446)川本町川本"
"中国","島根","68376","(cid:8062)田","はまだ","HAMADA","(cid:8062)田市大(cid:13239)町　(cid:8062)田特別地域気象観測所"
"中国","島根","68401","(cid:9054)(cid:10001)","みずほ","MIZUHO","(cid:13402)智(cid:13446)(cid:13402)南町(cid:8119)原"
"中国","島根","68431","弥(cid:7204)","やさか","YASAKA","(cid:8062)田市弥(cid:7204)町長安本(cid:13459)"
"中国","島根","68462","(cid:9480)田","ますだ","MASUDA","(cid:9480)田市あけぼの東町"
"中国","島根","68516","(cid:8032)和野","つわの","TSUWANO","鹿(cid:12938)(cid:13446)(cid:8032)和野町森村ロ"
"中国","島根","68541","吉賀","よしか","YOSHIKA","鹿(cid:12938)(cid:13446)吉賀町七日市"
"中国","鳥取","69006","境","さかい","SAKAI","境(cid:8199)市東本町　境特別地域気象観測所"
"中国","鳥取","69021","塩(cid:8032)","しおつ","SHIOTSU","(cid:12377)伯(cid:13446)大山町塩(cid:8032)"
"中国","鳥取","69041","青谷","あおや","AOYA","鳥取市青谷町青谷"
"中国","鳥取","69061","岩井","いわい","IWAI","岩(cid:10814)(cid:13446)岩(cid:10814)町宇(cid:7966)字前田"
"中国","鳥取","69076","(cid:10367)子","よなご","YONAGO","(cid:10367)子市博労町　(cid:10367)子特別地域気象観測所"
"中国","鳥取","69101","倉吉","くらよし","KURAYOSHI","倉吉市大塚字(cid:14192)ヶ坪"
"中国","鳥取","69122","鳥取","とっとり","TOTTORI","鳥取市吉方　鳥取地方気象台"
"中国","鳥取","69246","智(cid:14476)","ちず","CHIZU","八(cid:14476)(cid:13446)智(cid:14476)町智(cid:14476)沖代"
"中国","鳥取","69271","(cid:11412)屋","ちゃや","CYAYA","日野(cid:13446)日南町(cid:11412)屋大ジャフ田"
"中国","山口","81011","(cid:14450)佐","すさ","SUSA","(cid:11543)市(cid:14450)佐字野中"
"中国","山口","81071","(cid:11543)","はぎ","HAGI","(cid:11543)市大字土原字川島沖田　(cid:11543)特別地域気象観測所"
"中国","山口","81116","(cid:7964)谷","ゆや","YUYA","長(cid:14043)市(cid:7964)谷新別名"
"中国","山口","81151","徳佐","とくさ","TOKUSA","山口市(cid:14143)東徳佐中"
"中国","山口","81196","秋吉台","あきよしだい","AKIYOSHIDAI","(cid:10814)(cid:9863)市秋(cid:11326)町秋吉"
"中国","山口","81231","広(cid:8489)","ひろせ","HIROSE","岩国市(cid:13834)町広(cid:8489)"
"中国","山口","81266","(cid:12751)田","とよた","TOYOTA","下関市(cid:12751)田町大字(cid:9988)光字土(cid:7595)"
"中国","山口","81286","山口","やまぐち","YAMAGUCHI","山口市前町　山口特別地域気象観測所"
"中国","山口","81321","岩国","いわくに","IWAKUNI","岩国市川(cid:12377)"
"中国","山口","81371","(cid:14133)府","ほうふ","HOFU","(cid:14133)府市大字(cid:7388)松"
"中国","山口","81386","下松","くだまつ","KUDAMATSU","下松市(cid:12377)(cid:12751)井"
"中国","山口","81397","(cid:8938)(cid:8963)","くが","KUGA","岩国市(cid:8938)(cid:8963)町"
"中国","山口","81428","下関","しものせき","SHIMONOSEKI","下関市(cid:10121)崎町　下関地方気象台"
"中国","山口","81481","柳井","やない","YANAI","柳井市南(cid:8062)"
"中国","山口","81486","安下庄","あげのしょう","AGENOSHO","大島(cid:13446)周(cid:14133)大島町東安下庄"
"四国","徳島","71066","(cid:7909)田","いけだ","IKEDA","三好市(cid:7909)田町シンヤマ"
"四国","徳島","71087","(cid:10032)吹","あなぶき","ANABUKI","(cid:10814)馬市(cid:10032)吹町口山初(cid:11425)"
"四国","徳島","71106","徳島","とくしま","TOKUSHIMA","徳島市大和町　徳島地方気象台"
"四国","徳島","71191","京上","きょうじょう","KYOJO","三好市東(cid:9853)谷京上"
"四国","徳島","71231","(cid:11622)(cid:9173)田","かもだ","KAMODA","(cid:14143)南市(cid:7418)町(cid:11622)(cid:9173)田"
"四国","徳島","71251","木(cid:14476)","きとう","KITO","(cid:13411)賀(cid:13446)(cid:13411)賀町木(cid:14476)和(cid:8595)田ヨシノ"
"四国","徳島","71266","日和佐","ひわさ","HIWASA","海(cid:13450)(cid:13446)(cid:10814)(cid:7996)町日和佐(cid:8070)"
"四国","徳島","71291","海(cid:14183)","かいよう","KAIYO","海(cid:13450)(cid:13446)海(cid:14183)町四方原字杉谷"
"四国","香川","72061","内海","うちのみ","UCHINOMI","小(cid:12747)(cid:13446)小(cid:12747)島町(cid:12377)村甲"
"四国","香川","72086","高松","たかまつ","TAKAMATSU","高松市伏石町　高松地方気象台"
"四国","香川","72111","多度(cid:8032)","たどつ","TADOTSU","仲多度(cid:13446)多度(cid:8032)町家中　多度(cid:8032)特別地域気象観測所"
"四国","香川","72121","(cid:8298)宮","たきのみや","TAKINOMIYA","(cid:10596)歌(cid:13446)(cid:10596)川町(cid:8298)宮字山田"
"四国","香川","72146","引田","ひけた","HIKETA","東かがわ市南野"
"四国","香川","72161","(cid:12808)田","さいた","SAITA","三(cid:12751)市(cid:12808)田町(cid:12808)田上"
"四国","愛媛","73001","大三島","おおみしま","OMISHIMA","今(cid:7966)市大三島町宮(cid:8070)地先"
"四国","愛媛","73076","今(cid:7966)","いまばり","IMABARI","今(cid:7966)市山路"
"四国","愛媛","73126","(cid:12377)条","さいじょう","SAIJO","(cid:12377)条市周布"
"四国","愛媛","73141","新居(cid:8062)","にいはま","NIIHAMA","新居(cid:8062)市(cid:11242)木"
"四国","愛媛","73151","四国中央","しこくちゅうおう","SHIKOKU-CHUO","四国中央市妻鳥町乙"
"四国","愛媛","73166","松山","まつやま","MATSUYAMA","松山市北持田町　松山地方気象台"
"四国","愛媛","73256","長(cid:8062)","ながはま","NAGAHAMA","大(cid:8042)市長(cid:8062)甲"
"四国","愛媛","73276","久万","くま","KUMA","上(cid:8075)(cid:10032)(cid:13446)久万高原町入野"
"四国","愛媛","73306","大(cid:8042)","おおず","OZU","大(cid:8042)市(cid:14143)(cid:11702)字フルカワ甲"
"四国","愛媛","73341","(cid:8489)戸","せと","SETO","(cid:12377)宇和(cid:13446)伊方町塩成"
"四国","愛媛","73406","宇和","うわ","UWA","(cid:12377)予市宇和町神(cid:14463)"
"四国","愛媛","73442","宇和島","うわじま","UWAJIMA","宇和島市住吉町　宇和島特別地域気象観測所"
"四国","愛媛","73446","近永","ちかなが","CHIKANAGA","北宇和(cid:13446)(cid:14883)北町近永"
"四国","愛媛","73516","御(cid:11438)","みしょう","MISHO","南宇和(cid:13446)愛南町御(cid:11438)平城"
"四国","高知","74056","本川","ほんがわ","HONGAWA","吾川(cid:13446)いの町(cid:11045)の山字根(cid:11816)"
"四国","高知","74071","本山","もとやま","MOTOYAMA","長岡(cid:13446)本山町本山"
"四国","高知","74136","大栃","おおどち","ODOCHI","香(cid:10814)市(cid:8768)(cid:13450)町大栃上(cid:12377)の川"
"四国","高知","74181","高知","こうち","KOCHI","高知市(cid:7834)島町　高知地方気象台"
"四国","高知","74187","後免","ごめん","GOMEN","南国市廿枝"
"四国","高知","74271","安(cid:11329)","あき","AKI","安(cid:11329)市伊尾木"
"四国","高知","74296","(cid:7326)原","ゆすはら","YUSUHARA","高岡(cid:13446)(cid:7326)原町川(cid:12377)路"
"四国","高知","74311","(cid:14450)崎","すさき","SUSAKI","(cid:14450)崎市(cid:12377)町"
"四国","高知","74361","(cid:10065)川","くぼかわ","KUBOKAWA","高岡(cid:13446)四万十町新(cid:14052)町"
"四国","高知","74372","室戸岬","むろとみさき","MUROTOMISAKI","室戸市室戸岬町　室戸岬特別地域気象観測所"
"四国","高知","74381","(cid:7908)川崎","えかわさき","EKAWASAKI","四万十市(cid:12377)土佐(cid:9181)井"
"四国","高知","74436","佐賀","さが","SAGA","幡多(cid:13446)(cid:15342)(cid:8379)町佐賀"
"四国","高知","74447","宿(cid:7839)","すくも","SUKUMO","宿(cid:7839)市(cid:8742)島　宿(cid:7839)特別地域気象観測所"
"四国","高知","74456","中村","なかむら","NAKAMURA","四万十市入田字長善寺前"
"四国","高知","74516","(cid:8171)(cid:7880)","しみず","SHIMIZU","土佐(cid:8171)(cid:7880)市(cid:12938)摺岬　(cid:8171)(cid:7880)特別地域気象観測所"
"九州","福岡","82046","宗像","むなかた","MUNAKATA","宗像市田熊"
"九州","福岡","82056","八幡","やはた","YAHATA","北九州市八幡(cid:12377)区(cid:15258)の巣"
"九州","福岡","82101","(cid:12188)(cid:7595)","ゆくはし","YUKUHASHI","(cid:12188)(cid:7595)市(cid:12377)(cid:7976)"
"九州","福岡","82136","(cid:14564)塚","いいづか","IIZUKA","(cid:14564)塚市川島字(cid:9169)木　(cid:14564)塚特別地域気象観測所"
"九州","福岡","82171","前原","まえばる","MAEBARU","(cid:10450)島市前原(cid:12377)"
"九州","福岡","82182","福岡","ふくおか","FUKUOKA","福岡市中央区大(cid:8446)　福岡(cid:10230)区気象台"
"九州","福岡","82191","太宰府","だざいふ","DAZAIFU","太宰府市大佐野"
"九州","福岡","82206","(cid:8167)田","そえだ","SOEDA","田川(cid:13446)(cid:8167)田町大字野田字大野ノ原"
"九州","福岡","82261","朝倉","あさくら","ASAKURA","朝倉市三奈木"
"九州","福岡","82306","久留(cid:10367)","くるめ","KURUME","久留(cid:10367)市(cid:8032)福本町"
"九州","福岡","82317","(cid:15342)木","くろぎ","KUROGI","八女市(cid:15342)木町本分"
"九州","福岡","82361","大(cid:8761)田","おおむた","OMUTA","大(cid:8761)田市(cid:10162)原町"
"九州","大分","83021","国(cid:12386)","くにみ","KUNIMI","国東市国(cid:12386)町中"
"九州","大分","83051","中(cid:8032)","なかつ","NAKATSU","中(cid:8032)市大字定留"
"九州","大分","83061","(cid:12751)後高田","ぶんごたかだ","BUNGOTAKADA","(cid:12751)後高田市呉崎"
"九州","大分","83106","(cid:14164)内","いんない","INNAI","宇佐市(cid:14164)内町山城"
"九州","大分","83121","杵(cid:10255)","きつき","KITSUKI","杵(cid:10255)市大字本庄"
"九州","大分","83137","日田","ひた","HITA","日田市三本松　日田特別地域気象観測所"
"九州","大分","83191","(cid:8938)(cid:8980)","くす","KUSU","(cid:8938)(cid:8980)(cid:13446)(cid:8938)(cid:8980)町大字帆(cid:12938)"
"九州","大分","83201","(cid:8238)布(cid:14164)","ゆふいん","YUFUIN","(cid:9188)布市(cid:8238)布(cid:14164)町川南"
"九州","大分","83216","大分","おおいた","OITA","大分市長(cid:8062)町　大分地方気象台"
"九州","大分","83341","(cid:8799)(cid:14571)","いぬかい","INUKAI","(cid:12751)後大野市(cid:8799)(cid:14571)町田原"
"九州","大分","83371","(cid:10121)田","たけた","TAKETA","(cid:10121)田市大字会々"
"九州","大分","83401","佐伯","さいき","SAIKI","佐伯市字剣崎"
"九州","大分","83431","宇(cid:9504)","うめ","UME","佐伯市宇(cid:9504)大字重岡"
"九州","大分","83476","(cid:11622)(cid:7908)","かまえ","KAMAE","佐伯市(cid:11622)(cid:7908)(cid:11622)(cid:7908)(cid:8070)"
"九州","長崎","84012","(cid:15021)(cid:8070)","わにうら","WANIURA","対馬市上対馬町(cid:15021)(cid:8070)字カキセ"
"九州","長崎","84072","厳原","いづはら","IZUHARA","対馬市厳原町東(cid:13595)　厳原特別地域気象観測所"
"九州","長崎","84121","(cid:11313)(cid:13238)","あしべ","ASHIBE","壱岐市(cid:11313)(cid:13238)町国分東(cid:12432)"
"九州","長崎","84171","平戸","ひらど","HIRADO","平戸市岩の上町　平戸特別地域気象観測所"
"九州","長崎","84183","松(cid:8070)","まつうら","MATSUURA","松(cid:8070)市志佐町(cid:13595)免字(cid:13239)ノ尾台"
"九州","長崎","84266","佐世保","させぼ","SASEBO","佐世保市干尽町　佐世保特別地域気象観測所"
"九州","長崎","84341","有川","ありかわ","ARIKAWA","南松(cid:8070)(cid:13446)新上五島町有川(cid:13459)字上原"
"九州","長崎","84356","大(cid:8489)戸","おおせと","OSETO","(cid:12377)海市大(cid:8489)戸町多以良外(cid:13459)先野元"
"九州","長崎","84496","長崎","ながさき","NAGASAKI","長崎市南山手町　長崎地方気象台"
"九州","長崎","84519","(cid:14268)仙岳","うんぜんだけ","UNZENDAKE","(cid:14268)仙市小(cid:8062)町(cid:14268)仙　(cid:14268)仙岳特別地域気象観測所"
"九州","長崎","84523","島原","しまばら","SHIMABARA","島原市新(cid:8214)"
"九州","長崎","84536","福(cid:7908)","ふくえ","FUKUE","五島市木場町　福(cid:7908)特別地域気象観測所"
"九州","長崎","84561","口之(cid:8032)","くちのつ","KUCHINOTSU","南島原市口之(cid:8032)町丁"
"九州","長崎","84596","野(cid:7829)崎","のもざき","NOMOZAKI","長崎市野(cid:7829)町"
"九州","佐賀","85033","唐(cid:8032)","からつ","KARATSU","唐(cid:8032)市二夕子"
"九州","佐賀","85116","伊万(cid:13595)","いまり","IMARI","伊万(cid:13595)市(cid:10087)(cid:11324)町"
"九州","佐賀","85142","佐賀","さが","SAGA","佐賀市(cid:14672)前中央　佐賀地方気象台"
"九州","佐賀","85161","嬉野","うれしの","URESHINO","嬉野市嬉野町大字下野丙"
"九州","佐賀","85166","(cid:9425)石","しろいし","SHIROISHI","杵島(cid:13446)(cid:9425)石町大字福田"
"九州","熊本","86006","鹿北","かほく","KAHOKU","山鹿市鹿北町岩野"
"九州","熊本","86066","南小国","みなみおぐに","MINAMIOGUNI","(cid:14143)(cid:11837)(cid:13446)南小国町(cid:12901)馬場"
"九州","熊本","86086","岱明","たいめい","TAIMEI","玉名市岱明町中土"
"九州","熊本","86101","(cid:11493)(cid:7909)","きくち","KIKUCHI","(cid:11493)(cid:7909)市木柑子字上(cid:13239)"
"九州","熊本","86111","(cid:14143)(cid:11837)乙姫","あそおとひめ","ASO-OTOHIME","(cid:14143)(cid:11837)市乙姫"
"九州","熊本","86141","熊本","くまもと","KUMAMOTO","熊本市中央区京町　熊本地方気象台"
"九州","熊本","86157","南(cid:14143)(cid:11837)","みなみあそ","MINAMIASO","(cid:14143)(cid:11837)(cid:13446)南(cid:14143)(cid:11837)村(cid:7961)(cid:14172)"
"九州","熊本","86161","高森","たかもり","TAKAMORI","(cid:14143)(cid:11837)(cid:13446)高森町大字高森"
"九州","熊本","86216","三(cid:12421)","みすみ","MISUMI","宇城市三(cid:12421)町(cid:7996)多"
"九州","熊本","86236","甲佐","こうさ","KOSA","上(cid:9480)城(cid:13446)甲佐町大字(cid:12751)内"
"九州","熊本","86271","松島","まつしま","MATSUSHIMA","上天(cid:11425)市松島町(cid:14143)村"
"九州","熊本","86316","本渡","ほんど","HONDO","天(cid:11425)市本渡町本戸馬場"
"九州","熊本","86336","八代","やつしろ","YATSUSHIRO","八代市平山新町"
"九州","熊本","86451","(cid:7880)俣","みなまた","MINAMATA","(cid:7880)俣市南福寺"
"九州","熊本","86467","人吉","ひとよし","HITOYOSHI","人吉市城本町　人吉特別地域気象観測所"
"九州","熊本","86477","上","うえ","UE","(cid:9003)(cid:9787)(cid:13446)あさぎり町上北"
"九州","熊本","86491","(cid:8757)(cid:8157)","うしぶか","USHIBUKA","天(cid:11425)市(cid:8757)(cid:8157)町　(cid:8757)(cid:8157)特別地域気象観測所"
"九州","宮崎","87041","高千(cid:10001)","たかちほ","TAKACHIHO","(cid:12377)(cid:11195)杵(cid:13446)高千(cid:10001)町大字押方字宮野原"
"九州","宮崎","87066","古(cid:7908)","ふるえ","FURUE","延岡市北(cid:8070)町古(cid:7908)"
"九州","宮崎","87071","(cid:14369)岡","くらおか","KURAOKA","(cid:12377)(cid:11195)杵(cid:13446)五ヶ(cid:8489)町大字(cid:14369)岡"
"九州","宮崎","87141","延岡","のべおか","NOBEOKA","延岡市天神小路　延岡特別地域気象観測所"
"九州","宮崎","87181","日向","ひゅうが","HYUGA","日向市大字塩(cid:12386)"
"九州","宮崎","87206","神(cid:14043)","みかど","MIKADO","東(cid:11195)杵(cid:13446)(cid:10814)(cid:13459)町南(cid:13459)区神(cid:14043)"
"九州","宮崎","87231","(cid:12377)(cid:10367)良","にしめら","NISHI-MERA","児(cid:8238)(cid:13446)(cid:12377)(cid:10367)良村大字(cid:10121)原"
"九州","宮崎","87293","高(cid:13856)","たかなべ","TAKANABE","児(cid:8238)(cid:13446)高(cid:13856)町上(cid:7908)"
"九州","宮崎","87301","加久(cid:11816)","かくとう","KAKUTO","えびの市大字永山"
"九州","宮崎","87331","(cid:12377)都","さいと","SAITO","(cid:12377)都市大字(cid:15342)(cid:9173)野"
"九州","宮崎","87352","小林","こばやし","KOBAYASHI","小林市南(cid:12377)方"
"九州","宮崎","87376","宮崎","みやざき","MIYAZAKI","宮崎市(cid:14301)島　宮崎地方気象台"
"九州","宮崎","87406","田野","たの","TANO","宮崎市田野町甲"
"九州","宮崎","87426","都城","みやこのじょう","MIYAKONOJO","都城市(cid:11501)(cid:11622)原町　都城特別地域気象観測所"
"九州","宮崎","87492","(cid:7964)(cid:8032)","あぶらつ","ABURATSU","日南市(cid:7964)(cid:8032)　(cid:7964)(cid:8032)特別地域気象観測所"
"九州","宮崎","87501","串(cid:14059)","くしま","KUSHIMA","串(cid:14059)市大字(cid:12377)方字平山"
"九州","鹿児島","88061","(cid:14143)久根","あくね","AKUNE","(cid:14143)久根市(cid:12901)(cid:8489)川　(cid:14143)久根特別地域気象観測所"
"九州","鹿児島","88081","大口","おおくち","OKUCHI","伊佐市大口原田"
"九州","鹿児島","88107","さつま柏原","さつまかしわばる","SATSUMAKASHIWABARU","(cid:11779)摩(cid:13446)さつま町柏原"
"九州","鹿児島","88131","中(cid:9163)","なかこしき","NAKAKOSHIKI","(cid:11779)摩川内市上(cid:9163)町中(cid:9163)"
"九州","鹿児島","88151","川内","せんだい","SENDAI","(cid:11779)摩川内市中(cid:13459)"
"九州","鹿児島","88261","東市来","ひがしいちき","HIGASHIICHIKI","日(cid:10792)市東市来町(cid:8238)田"
"九州","鹿児島","88286","(cid:8766)之原","まきのはら","MAKINOHARA","(cid:14301)島市福山町福山"
"九州","鹿児島","88317","鹿児島","かごしま","KAGOSHIMA","鹿児島市東(cid:13446)元町　鹿児島地方気象台"
"九州","鹿児島","88331","(cid:13156)北","きほく","KIHOKU","鹿屋市(cid:13156)北町市成"
"九州","鹿児島","88371","加世田","かせだ","KASEDA","南さつま市加世田東本町"
"九州","鹿児島","88406","志布志","しぶし","SHIBUSHI","志布志市志布志町志布志字杉の下"
"九州","鹿児島","88432","喜入","きいれ","KIIRE","鹿児島市喜入中名町"
"九州","鹿児島","88442","鹿屋","かのや","KANOYA","鹿屋市寿"
"九州","鹿児島","88447","(cid:10978)付前田","きもつきまえだ","KIMOTSUKIMAEDA","(cid:10978)属(cid:13446)(cid:10978)付町前田"
"九州","鹿児島","88466","枕崎","まくらざき","MAKURAZAKI","枕崎市高(cid:12386)町　枕崎特別地域気象観測所"
"九州","鹿児島","88486","指宿","いぶすき","IBUSUKI","指宿市十町"
"九州","鹿児島","88506","内之(cid:8070)","うちのうら","UCHINOURA","(cid:10978)属(cid:13446)(cid:10978)付町北方"
"九州","鹿児島","88536","田代","たしろ","TASHIRO","(cid:10978)属(cid:13446)(cid:13834)(cid:7908)町田代(cid:15300)"
"九州","鹿児島","88612","(cid:9984)子島","たねがしま","TANEGASHIMA","(cid:12377)之表市(cid:12377)之表　(cid:9984)子島特別地域気象観測所"
"九州","鹿児島","88666","上中","かみなか","KAMINAKA","熊(cid:7839)(cid:13446)南(cid:9984)子町中之下"
"九州","鹿児島","88686","屋久島","やくしま","YAKUSHIMA","熊(cid:7839)(cid:13446)屋久島町小(cid:8489)田　屋久島特別地域気象観測所"
"九州","鹿児島","88706","尾之(cid:14059)","おのあいだ","ONOAIDA","熊(cid:7839)(cid:13446)屋久島町尾之(cid:14059)字井出ノ尻"
"九州","鹿児島","88736","中之島","なかのしま","NAKANOSHIMA","鹿児島(cid:13446)十島村中之島"
"九州","鹿児島","88836","名(cid:8489)","なぜ","NAZE","奄(cid:10814)市名(cid:8489)(cid:8199)町　名(cid:8489)測候所"
"九州","鹿児島","88901","古仁屋","こにや","KONIYA","大島(cid:13446)(cid:8489)戸内町古仁屋(cid:11242)(cid:8032)"
"九州","鹿児島","88956","伊仙","いせん","ISEN","大島(cid:13446)伊仙町(cid:14339)縄"
"九州","鹿児島","88971","沖永良(cid:13450)","おきのえらぶ","OKINOERABU","大島(cid:13446)和(cid:7977)町国(cid:14476)字手付　沖永良(cid:13450)特別地域気象観測所"
"沖縄","沖縄","91011","伊是名","いぜな","IZENA","島尻(cid:13446)伊是名村字内(cid:11324)"
"沖縄","沖縄","91021","奥","おく","OKU","国(cid:14476)(cid:13446)国(cid:14476)村奥"
"沖縄","沖縄","91107","名(cid:12708)","なご","NAGO","名(cid:12708)市宮(cid:13595)　名(cid:12708)特別地域気象観測所"
"沖縄","沖縄","91146","久(cid:10367)島","くめじま","KUMEJIMA","島尻(cid:13446)久(cid:10367)島町字(cid:12656)名堂　久(cid:10367)島特別地域気象観測所"
"沖縄","沖縄","91166","宮城島","みやぎじま","MIYAGIJIMA","うるま市与(cid:13411)城上原阪上"
"沖縄","沖縄","91181","渡嘉敷","とかしき","TOKASHIKI","島尻(cid:13446)渡嘉敷村渡嘉敷"
"沖縄","沖縄","91197","(cid:13411)(cid:12382)","なは","NAHA","(cid:13411)(cid:12382)市(cid:7549)川　沖縄気象台"
"沖縄","沖縄","91241","(cid:10450)数","いとかず","ITOKAZU","南城市玉城字(cid:10450)数(cid:12377)(cid:12901)(cid:8032)川原"
"沖縄","沖縄","92011","南大東","みなみだいとう","MINAMI-DAITO","島尻(cid:13446)南大東村在所　南大東島地方気象台"
"沖縄","沖縄","93041","宮古島","みやこじま","MIYAKOJIMA","宮古島市平良字下(cid:13595)　宮古島地方気象台"
"沖縄","沖縄","94001","伊原(cid:14059)","いばるま","IBARUMA","石垣市伊原(cid:14059)"
"沖縄","沖縄","94017","与(cid:13411)国島","よなぐにじま","YONAGUNIJIMA","八重山(cid:13446)与(cid:13411)国町与(cid:13411)国　与(cid:13411)国島特別地域気象観測所"
"沖縄","沖縄","94062","(cid:12377)表島","いりおもてじま","IRIOMOTEJIMA","八重山(cid:13446)(cid:10121)富町字上原宇(cid:13411)利崎　(cid:12377)表島特別地域気象観測所"
"沖縄","沖縄","94081","石垣島","いしがきじま","ISHIGAKIJIMA","石垣市(cid:9423)野城　石垣島地方気象台"
"沖縄","沖縄","94101","大原","おおはら","OHARA","八重山(cid:13446)(cid:10121)富町南(cid:14524)(cid:12386)"
"沖縄","沖縄","94116","(cid:7996)(cid:8631)(cid:14059)","はてるま","HATERUMA","八重山(cid:13446)(cid:10121)富町(cid:7996)(cid:8631)(cid:14059)"
"北海道","オホーツク","17036","(cid:14237)(cid:7754)","おうむ","OMU","(cid:10464)別(cid:13446)(cid:14237)(cid:7754)町(cid:14237)(cid:7754)　(cid:14237)(cid:7754)特別地域気象観測所"
"北海道","オホーツク","17076","興(cid:13450)","おこっぺ","OKOPPE","(cid:10464)別(cid:13446)興(cid:13450)町興(cid:13450)"
"北海道","オホーツク","17091","(cid:12377)興(cid:13450)","にしおこっぺ","NISHI-OKOPPE","(cid:10464)別(cid:13446)(cid:12377)興(cid:13450)村(cid:12377)興(cid:13450)"
"北海道","オホーツク","17112","(cid:10464)別","もんべつ","MOMBETSU","(cid:10464)別市南が丘町　(cid:10464)別特別地域気象観測所"
"北海道","オホーツク","17166","(cid:8234)別","ゆうべつ","YUBETSU","(cid:10464)別(cid:13446)(cid:8234)別町東"
"北海道","オホーツク","17196","(cid:8298)上","たきのうえ","TAKINOUE","(cid:10464)別(cid:13446)(cid:8298)上町(cid:8298)ノ上原野5(cid:10618)南"
"北海道","オホーツク","17246","常呂","ところ","TOKORO","北(cid:12386)市常呂町字岐阜"
"北海道","オホーツク","17306","(cid:13362)(cid:13133)","えんがる","ENGARU","(cid:10464)別(cid:13446)(cid:13362)(cid:13133)町東町"
"北海道","オホーツク","17316","佐呂(cid:14059)","さろま","SAROMA","常呂(cid:13446)佐呂(cid:14059)町(cid:12377)富"
"北海道","オホーツク","17341","(cid:10585)(cid:12910)","あばしり","ABASHIRI","(cid:10585)(cid:12910)市台町　(cid:10585)(cid:12910)地方気象台"
"北海道","オホーツク","17351","宇(cid:9423)呂","うとろ","UTORO","斜(cid:13595)(cid:13446)斜(cid:13595)町ウトロ高原"
"北海道","オホーツク","17482","(cid:9425)(cid:8298)","しらたき","SHIRATAKI","(cid:10464)別(cid:13446)(cid:13362)(cid:13133)町(cid:9425)(cid:8298)北支(cid:8234)別"
"北海道","オホーツク","17501","(cid:9173)田原","いくたはら","IKUTAHARA","(cid:10464)別(cid:13446)(cid:13362)(cid:13133)町(cid:9173)田原"
"北海道","オホーツク","17521","北(cid:12386)","きたみ","KITAMI","北(cid:12386)市広(cid:13459)"
"北海道","オホーツク","17546","小(cid:8171)(cid:7880)","こしみず","KOSHIMIZU","斜(cid:13595)(cid:13446)小(cid:8171)(cid:7880)町(cid:7976)"
"北海道","オホーツク","17561","斜(cid:13595)","しゃり","SHARI","斜(cid:13595)(cid:13446)斜(cid:13595)町以久(cid:9929)南"
"北海道","オホーツク","17596","留(cid:13238)(cid:11833)","るべしべ","RUBESHIBE","北(cid:12386)市留(cid:13238)(cid:11833)町大和"
"北海道","オホーツク","17607","境野","さかいの","SAKAINO","常呂(cid:13446)(cid:10792)戸町(cid:12751)住"
"北海道","オホーツク","17631","(cid:10814)幌","びほろ","BIHORO","(cid:10585)(cid:12910)(cid:13446)(cid:10814)幌町福住"
"北海道","オホーツク","17717","(cid:8032)別","つべつ","TSUBETSU","(cid:10585)(cid:12910)(cid:13446)(cid:8032)別町(cid:12751)永"
"北海道","根室","18038","(cid:10806)(cid:11195)","らうす","RAUSU","(cid:9504)梨(cid:13446)(cid:10806)(cid:11195)町(cid:7204)町"
"北海道","根室","18136","(cid:7558)(cid:8032)","しべつ","SHIBETSU","(cid:7558)(cid:8032)(cid:13446)(cid:7558)(cid:8032)町北2条(cid:12377)"
"北海道","根室","18161","上(cid:7558)(cid:8032)","かみしべつ","KAMISHIBETSU","(cid:7558)(cid:8032)(cid:13446)中(cid:7558)(cid:8032)町字上(cid:7558)(cid:8032)"
"北海道","根室","18171","中(cid:7558)(cid:8032)","なかしべつ","NAKASHIBETSU","(cid:7558)(cid:8032)(cid:13446)中(cid:7558)(cid:8032)町(cid:7260)ケ丘"
"北海道","根室","18256","別海","べつかい","BETSUKAI","野付(cid:13446)別海町川上町"
"北海道","根室","18273","根室","ねむろ","NEMURO","根室市弥(cid:7204)町　根室特別地域気象観測所"
"北海道","根室","18281","(cid:10465)(cid:7947)布","のさっぷ","NOSAPPU","根室市(cid:8194)根元"
"北海道","根室","18311","厚床","あっとこ","ATTOKO","根室市(cid:12377)厚床"
"北海道","釧路","19021","川(cid:8238)","かわゆ","KAWAYU","川上(cid:13446)弟子屈町川(cid:8238)(cid:14672)前"
"北海道","釧路","19051","弟子屈","てしかが","TESHIKAGA","川上(cid:13446)弟子屈町弟子屈原野"
"北海道","釧路","19076","(cid:14143)寒(cid:8224)(cid:9217)","あかんこはん","AKANKOHAN","釧路市(cid:14143)寒町(cid:14143)寒(cid:8224)(cid:8194)(cid:7976)"
"北海道","釧路","19151","(cid:7558)(cid:11412)","しべちゃ","SHIBECHA","川上(cid:13446)(cid:7558)(cid:11412)町(cid:14052)(cid:13344)"
"北海道","釧路","19191","(cid:15215)居","つるい","TSURUI","(cid:14143)寒(cid:13446)(cid:15215)居村(cid:15215)居東"
"北海道","釧路","19261","中徹別","なかてしべつ","NAKATESHIBETSU","釧路市(cid:14143)寒町徹別中央34(cid:10618)"
"北海道","釧路","19311","(cid:7468)町","さかきまち","SAKAKIMACHI","厚岸(cid:13446)(cid:8062)中町(cid:7468)町"
"北海道","釧路","19376","太田","おおた","OTA","厚岸(cid:13446)厚岸町太田"
"北海道","釧路","19416","(cid:9425)(cid:10439)","しらぬか","SHIRANUKA","(cid:9425)(cid:10439)(cid:13446)(cid:9425)(cid:10439)町(cid:12377)2条北"
"北海道","釧路","19432","釧路","くしろ","KUSHIRO","釧路市幸町　釧路地方気象台"
"北海道","釧路","19451","知方学","ちっぽまない","CHIPPOMANAI","釧路(cid:13446)釧路町仙(cid:15109)(cid:12945)村知方学"
"北海道","十勝","20146","陸別","りくべつ","RIKUBETSU","(cid:12938)寄(cid:13446)陸別町陸別原野分(cid:10618)"
"北海道","十勝","20186","ぬかびら(cid:8251)(cid:7976)(cid:13459)","ぬかびらげんせんきょう","NUKABIRA-GENSENKYO","(cid:7961)東(cid:13446)上士幌町ぬかびら(cid:8251)(cid:7976)(cid:13459)北区"
"北海道","十勝","20266","上士幌","かみしほろ","KAMISHIHORO","(cid:7961)東(cid:13446)上士幌町東4(cid:10618)"
"北海道","十勝","20276","(cid:12938)寄","あしょろ","ASHORO","(cid:12938)寄(cid:13446)(cid:12938)寄町南1条"
"北海道","十勝","20341","本別","ほんべつ","HOMBETSU","中川(cid:13446)本別町新町"
"北海道","十勝","20356","新得","しんとく","SHINTOKU","上川(cid:13446)新得町4条南"
"北海道","十勝","20361","鹿(cid:13283)","しかおい","SHIKAOI","(cid:7961)東(cid:13446)鹿(cid:13283)町(cid:10611)町"
"北海道","十勝","20371","(cid:14678)場","こまば","KOMABA","(cid:7961)東(cid:13446)(cid:14434)更町(cid:14678)場北町"
"北海道","十勝","20421","(cid:11334)室","めむろ","MEMURO","(cid:7961)(cid:12377)(cid:13446)(cid:11334)室町(cid:12377)3条南"
"北海道","十勝","20432","帯広","おびひろ","OBIHIRO","帯広市東4条南　帯広測候所"
"北海道","十勝","20441","(cid:7909)田","いけだ","IKEDA","中川(cid:13446)(cid:7909)田町(cid:8171)(cid:12386)"
"北海道","十勝","20506","(cid:8070)幌","うらほろ","URAHORO","十勝(cid:13446)(cid:8070)幌町(cid:7260)町"
"北海道","十勝","20556","(cid:10439)内","ぬかない","NUKANAI","中川(cid:13446)幕別町五位"
"北海道","十勝","20601","上札内","かみさつない","KAMISATSUNAI","(cid:7961)(cid:12377)(cid:13446)中札内村元札内(cid:12377)1(cid:10618)"
"北海道","十勝","20606","更別","さらべつ","SARABETSU","(cid:7961)(cid:12377)(cid:13446)更別村更別南2(cid:10618)"
"北海道","十勝","20631","大(cid:8032)","おおつ","OTSU","中川(cid:13446)(cid:12751)(cid:14445)町大(cid:8032)寿町"
"北海道","十勝","20696","大(cid:7582)","たいき","TAIKI","広尾(cid:13446)大(cid:7582)町柏木町"
"北海道","十勝","20751","広尾","ひろお","HIRO-O","広尾(cid:13446)広尾町並木(cid:13307)東　広尾特別地域気象観測所"
"北海道","胆振","21111","厚(cid:9535)","あつま","ATSUMA","勇払(cid:13446)厚(cid:9535)町朝日"
"北海道","胆振","21126","(cid:10001)別","ほべつ","HOBETSU","勇払(cid:13446)むかわ町(cid:10001)別"
"北海道","胆振","21161","大(cid:8298)","おおたき","OTAKI","伊(cid:13353)市大(cid:8298)区本町"
"北海道","胆振","21171","森野","もりの","MORINO","(cid:9425)(cid:10881)(cid:13446)(cid:9425)(cid:10881)町森野"
"北海道","胆振","21187","(cid:11362)小(cid:8766)","とまこまい","TOMAKOMAI","(cid:11362)小(cid:8766)市しらかば町　(cid:11362)小(cid:8766)特別地域気象観測所"
"北海道","胆振","21226","大岸","おおきし","OKISHI","(cid:11905)田(cid:13446)(cid:12751)(cid:8070)町大岸"
"北海道","胆振","21261","(cid:9425)(cid:10881)","しらおい","SHIRAOI","(cid:9425)(cid:10881)(cid:13446)(cid:9425)(cid:10881)町高(cid:9665)町"
"北海道","胆振","21276","(cid:15169)川","むかわ","MUKAWA","勇払(cid:13446)むかわ町(cid:12751)城"
"北海道","胆振","21297","伊(cid:13353)","だて","DATE","伊(cid:13353)市(cid:14603)山下町"
"北海道","胆振","21312","(cid:9423)別","のぼりべつ","NOBORIBETSU","(cid:9423)別市札内町"
"北海道","胆振","21323","室(cid:11858)","むろらん","MURORAN","室(cid:11858)市山手町　室(cid:11858)地方気象台"
"北海道","日高","22036","日高","ひだか","HIDAKA","(cid:7947)(cid:8054)(cid:13446)日高町本町東"
"北海道","日高","22141","日高(cid:14043)別","ひだかもんべつ","HIDAKA-MOMBETSU","(cid:7947)(cid:8054)(cid:13446)日高町字富(cid:8062)"
"北海道","日高","22156","新和","しんわ","SHINWA","新冠(cid:13446)新冠町新和"
"北海道","日高","22241","静内","しずない","SHIZUNAI","日高(cid:13446)新ひだか町静内山手町"
"北海道","日高","22291","三石","みついし","MITSUISHI","日高(cid:13446)新ひだか町三石(cid:10814)野和"
"北海道","日高","22306","中杵(cid:11195)","なかきねうす","NAKAKINEUSU","(cid:8070)(cid:7961)(cid:13446)(cid:8070)(cid:7961)町上杵(cid:11195)"
"北海道","日高","22327","(cid:8070)(cid:7961)","うらかわ","URAKAWA","(cid:8070)(cid:7961)(cid:13446)(cid:8070)(cid:7961)町(cid:8379)(cid:12386)町　(cid:8070)(cid:7961)特別地域気象観測所"
"北海道","日高","22391","えりも岬","えりもみさき","ERIMOMISAKI","幌(cid:7976)(cid:13446)えりも町東(cid:8018)"
"北海道","渡島","23031","長万(cid:13450)","おしゃまんべ","OSHAMAMBE","山(cid:12922)(cid:13446)長万(cid:13450)町(cid:7204)原"
"北海道","渡島","23086","八(cid:14268)","やくも","YAKUMO","二海(cid:13446)八(cid:14268)町本町"
"北海道","渡島","23166","森","もり","MORI","(cid:11380)(cid:13450)(cid:13446)森町姫川"
"北海道","渡島","23206","川(cid:7918)","かっくみ","KAKKUMI","函(cid:14603)市川(cid:7918)町"
"北海道","渡島","23226","北斗","ほくと","HOKUTO","北斗市本町"
"北海道","渡島","23232","函(cid:14603)","はこだて","HAKODATE","函(cid:14603)市(cid:10814)原　函(cid:14603)地方気象台"
"北海道","渡島","23326","木古内","きこない","KIKONAI","上(cid:9790)(cid:13446)木古内町字本町"
"北海道","渡島","23376","松前","まつまえ","MATSUMAE","松前(cid:13446)松前町建石"
"北海道","渡島","24141","熊石","くまいし","KUMAISHI","二海(cid:13446)八(cid:14268)町熊石根崎町"
"北海道","檜山","24041","せたな","せたな","SETANA","久(cid:13362)(cid:13446)せたな町(cid:8489)(cid:7348)区本町"
"北海道","檜山","24051","今(cid:13600)","いまかね","IMAKANE","(cid:8489)(cid:7348)(cid:13446)今(cid:13600)町今(cid:13600)"
"北海道","檜山","24101","奥尻","おくしり","OKUSHIRI","奥尻(cid:13446)奥尻町字(cid:9988)(cid:10001)"
"北海道","檜山","24201","(cid:15192)","うずら","UZURA","檜山(cid:13446)厚(cid:7953)(cid:13450)町(cid:15192)町"
"北海道","檜山","24217","(cid:7908)差","えさし","ESASHI","檜山(cid:13446)(cid:7908)差町姥神町　(cid:7908)差特別地域気象観測所"
"東北","青森","31001","大(cid:14059)","おおま","OMA","下北(cid:13446)大(cid:14059)町大(cid:14059)字(cid:8843)丁"
"東北","青森","31111","むつ","むつ","MUTSU","むつ市(cid:13600)曲　むつ特別地域気象観測所"
"東北","青森","31121","小田野(cid:7953)","おだのさわ","ODANOSAWA","下北(cid:13446)東(cid:13307)村小田野(cid:7953)字中川(cid:9504)"
"東北","青森","31136","今別","いまべつ","IMABETSU","東(cid:8032)(cid:13133)(cid:13446)今別町今別字中(cid:7953)"
"東北","青森","31156","(cid:11045)野(cid:7953)","わきのさわ","WAKINOSAWA","むつ市(cid:11045)野(cid:7953)(cid:7239)(cid:7953)"
"東北","青森","31186","市(cid:8070)","しうら","SHIURA","五所川原市(cid:9510)内"
"東北","青森","31201","(cid:12131)田","かにた","KANITA","東(cid:8032)(cid:13133)(cid:13446)外ヶ(cid:8062)町字(cid:12131)田(cid:15021)ケ(cid:8161)"
"東北","青森","31296","五所川原","ごしょがわら","GOSHOGAWARA","五所川原市松島町"
"東北","青森","31312","青森","あおもり","AOMORI","青森市(cid:11324)園　青森地方気象台"
"東北","青森","31332","野(cid:13238)地","のへじ","NOHEJI","上北(cid:13446)野(cid:13238)地町有戸鳥井平"
"東北","青森","31336","六ケ所","ろっかしょ","ROKKASHO","上北(cid:13446)六ケ所村倉内字(cid:10162)崎"
"東北","青森","31366","(cid:15055)ケ(cid:7953)","あじがさわ","AJIGASAWA","(cid:12377)(cid:8032)(cid:13133)(cid:13446)(cid:15055)ケ(cid:7953)町(cid:11225)戸町字小夜"
"東北","青森","31436","(cid:8157)(cid:8070)","ふかうら","FUKAURA","(cid:12377)(cid:8032)(cid:13133)(cid:13446)(cid:8157)(cid:8070)町大字(cid:8157)(cid:8070)字岡町　(cid:8157)(cid:8070)特別地域気象観測所"
"東北","青森","31461","弘前","ひろさき","HIROSAKI","弘前市和田町"
"東北","青森","31466","(cid:15342)石","くろいし","KUROISHI","(cid:15342)石市馬場尻南"
"東北","青森","31482","(cid:13535)ケ(cid:8238)","すかゆ","SUKAYU","青森市(cid:11432)川字南(cid:11432)川山国有林(cid:13535)ケ(cid:8238)(cid:7953)"
"東北","青森","31506","三(cid:7953)","みさわ","MISAWA","三(cid:7953)市東町"
"東北","青森","31586","十和田","とわだ","TOWADA","十和田市(cid:9510)坂字(cid:9510)坂"
"東北","青森","31602","八戸","はちのへ","HACHINOHE","八戸市(cid:8214)町字(cid:14603)(cid:15407)　八戸特別地域気象観測所"
"東北","青森","31646","(cid:9725)ケ関","いかりがせき","IKARIGASEKI","平川市(cid:9725)ヶ関(cid:14143)原"
"東北","青森","31662","休屋","やすみや","YASUMIYA","十和田市大字奥(cid:8489)字十和田(cid:8224)(cid:9217)休屋"
"東北","青森","31721","三戸","さんのへ","SANNOHE","三戸(cid:13446)三戸町川守田字寺ノ(cid:7953)"
"東北","秋田","32056","八森","はちもり","HACHIMORI","山本(cid:13446)八峰町八森字チコキ"
"東北","秋田","32111","(cid:11039)代","のしろ","NOSHIRO","(cid:11039)代市(cid:10611)町"
"東北","秋田","32126","(cid:15258)巣","たかのす","TAKANOSU","北秋田市旭町"
"東北","秋田","32136","大(cid:14603)","おおだて","ODATE","大(cid:14603)市出川字上野"
"東北","秋田","32146","鹿(cid:12421)","かづの","KAZUNO","鹿(cid:12421)市(cid:11324)(cid:13167)字(cid:11432)田"
"東北","秋田","32206","(cid:8238)(cid:8489)","ゆぜ","YUZE","鹿(cid:12421)市八幡平(cid:8238)(cid:8489)字一(cid:10842)根"
"東北","秋田","32266","八幡平","はちまんたい","HACHIMANTAI","鹿(cid:12421)市八幡平字熊(cid:7953)外8国有林"
"東北","秋田","32286","(cid:9192)鹿","おが","OGA","(cid:9192)鹿市(cid:11045)本(cid:11045)本字上野"
"東北","秋田","32287","大潟","おおがた","OGATA","南秋田(cid:13446)大潟村大潟"
"東北","秋田","32296","五城(cid:9504)","ごじょうめ","GOJOME","南秋田(cid:13446)五城(cid:9504)町上(cid:7549)口字屋岸"
"東北","秋田","32311","(cid:14143)仁合","あにあい","ANIAI","北秋田市(cid:14143)仁(cid:7880)(cid:8595)字(cid:9215)町東(cid:12268)"
"東北","秋田","32402","秋田","あきた","AKITA","秋田市山(cid:8932)　秋田地方気象台"
"東北","秋田","32407","岩(cid:12386)三内","いわみさんない","IWAMISANNAI","秋田市(cid:7961)(cid:13238)三内字外川原"
"東北","秋田","32466","(cid:12421)(cid:14603)","かくのだて","KAKUNODATE","仙北市(cid:12421)(cid:14603)町小勝田(cid:15164)の崎"
"東北","秋田","32476","田(cid:7953)(cid:8224)","たざわこ","TAZAWAKO","仙北市田(cid:7953)(cid:8224)(cid:9173)保内字宮の後"
"東北","秋田","32496","大(cid:7751)寺","だいしょうじ","DAISHOJI","秋田市(cid:14237)和新(cid:7996)字寺(cid:7953)"
"東北","秋田","32551","大曲","おおまがり","OMAGARI","大仙市四ツ屋字下古道"
"東北","秋田","32571","本(cid:11438)","ほんじょう","HONJO","(cid:9188)利本(cid:11438)市埋田字(cid:9181)堰南"
"東北","秋田","32581","東(cid:9188)利","ひがしゆり","HIGASHIYURI","(cid:9188)利本(cid:11438)市東(cid:9188)利(cid:10881)方字後田"
"東北","秋田","32596","(cid:7571)手","よこて","YOKOTE","(cid:7571)手市(cid:7571)手町大(cid:7549)"
"東北","秋田","32616","にかほ","にかほ","NIKAHO","にかほ市(cid:13600)(cid:8070)字南(cid:13600)(cid:8070)"
"東北","秋田","32626","(cid:9646)島","やしま","YASHIMA","(cid:9188)利本(cid:11438)市(cid:9646)島町城内字(cid:10255)(cid:14603)"
"東北","秋田","32691","(cid:8238)(cid:7953)","ゆざわ","YUZAWA","(cid:8238)(cid:7953)市(cid:13600)谷字(cid:7549)ノ口"
"東北","秋田","32771","(cid:8238)の岱","ゆのたい","YUNOTAI","(cid:8238)(cid:7953)市秋の宮字(cid:8238)の岱"
"東北","岩手","33006","(cid:9984)市","たねいち","TANEICHI","九戸(cid:13446)(cid:8018)野町(cid:9984)市(cid:10152)21地割"
"東北","岩手","33026","(cid:13133)(cid:10367)","かるまい","KARUMAI","九戸(cid:13446)(cid:13133)(cid:10367)町大字上(cid:14603)(cid:10152)15地割"
"東北","岩手","33071","二戸","にのへ","NINOHE","二戸市堀野字馬場"
"東北","岩手","33136","山形","やまがた","YAMAGATA","久慈市山形町川井"
"東北","岩手","33146","久慈","くじ","KUJI","久慈市小久慈町(cid:10152)24地割"
"東北","岩手","33166","(cid:11432)屋","あらや","ARAYA","八幡平市叺田"
"東北","岩手","33176","奥中山","おくなかやま","OKUNAKAYAMA","二戸(cid:13446)一戸町小(cid:10693)字(cid:12377)田子"
"東北","岩手","33186","(cid:11569)巻","くずまき","KUZUMAKI","岩手(cid:13446)(cid:11569)巻町(cid:11569)巻(cid:10152)7地割字元町"
"東北","岩手","33206","普代","ふだい","FUDAI","下(cid:14050)伊(cid:13446)普代村(cid:10152)13地割字普代"
"東北","岩手","33226","岩手松尾","いわてまつお","IWATEMATSUO","八幡平市野(cid:14671)"
"東北","岩手","33296","好摩","こうま","KOMA","(cid:9490)岡市好摩字(cid:11294)田向"
"東北","岩手","33326","岩(cid:7976)","いわいずみ","IWAIZUMI","下(cid:14050)伊(cid:13446)岩(cid:7976)町岩(cid:7976)字中家"
"東北","岩手","33336","小本","おもと","OMOTO","下(cid:14050)伊(cid:13446)岩(cid:7976)町小本字下中野"
"東北","岩手","33371","(cid:11784)川","やぶかわ","YABUKAWA","(cid:9490)岡市(cid:11784)川字外山"
"東北","岩手","33421","(cid:14264)石","しずくいし","SHIZUKUISHI","岩手(cid:13446)(cid:14264)石町(cid:10152)40地割字千刈田"
"東北","岩手","33431","(cid:9490)岡","もりおか","MORIOKA","(cid:9490)岡市山(cid:8932)町　(cid:9490)岡地方気象台"
"東北","岩手","33441","区(cid:9210)","くざかい","KUZAKAI","宮古市区(cid:9210)(cid:10152)2地割"
"東北","岩手","33472","宮古","みやこ","MIYAKO","宮古市(cid:13877)ケ崎下町　宮古特別地域気象観測所"
"東北","岩手","33486","(cid:7953)内","さわうち","SAWAUCHI","和賀(cid:13446)(cid:12377)和賀町(cid:7953)内字(cid:12805)(cid:7953)4地割"
"東北","岩手","33501","(cid:10488)(cid:7996)","しわ","SHIWA","(cid:10488)(cid:7996)(cid:13446)(cid:10488)(cid:7996)町(cid:9988)(cid:11816)字七(cid:13459)"
"東北","岩手","33526","川井","かわい","KAWAI","宮古市川井"
"東北","岩手","33581","大(cid:13269)","おおはさま","OHASAMA","(cid:11324)巻市大(cid:13269)町大(cid:13269)(cid:10152)13地割"
"東北","岩手","33616","山田","やまだ","YAMADA","下(cid:14050)伊(cid:13446)山田町(cid:10698)(cid:10143)(cid:10152)11地割"
"東北","岩手","33631","(cid:8238)田","ゆだ","YUDA","和賀(cid:13446)(cid:12377)和賀町上野々(cid:10152)39地割"
"東北","岩手","33671","(cid:13362)野","とおの","TOONO","(cid:13362)野市松崎町(cid:9425)岩24地割"
"東北","岩手","33716","北上","きたかみ","KITAKAMI","北上市(cid:11326)町"
"東北","岩手","33751","(cid:13609)石","かまいし","KAMAISHI","(cid:13609)石市(cid:8199)町"
"東北","岩手","33776","(cid:11357)柳","わかやなぎ","WAKAYANAGI","奥州市胆(cid:7953)区(cid:11357)柳字倉(cid:11219)"
"東北","岩手","33781","(cid:7908)刺","えさし","ESASHI","奥州市(cid:7908)刺区愛宕字八日市"
"東北","岩手","33801","住田","すみた","SUMITA","気仙(cid:13446)住田町世田(cid:10367)字川向"
"東北","岩手","33877","大(cid:11242)渡","おおふなと","OFUNATO","大(cid:11242)渡市大(cid:11242)渡町字(cid:12901)(cid:7953)　大(cid:11242)渡特別地域気象観測所"
"東北","岩手","33911","一関","いちのせき","ICHINOSEKI","一関市(cid:10121)山町"
"東北","岩手","33921","千厩","せんまや","SEMMAYA","一関市千厩町千厩字北方"
"東北","宮城","34012","(cid:14678)ノ(cid:8238)","こまのゆ","KOMANOYU","(cid:7209)原市(cid:7209)(cid:14678)(cid:7967)倉(cid:10900)(cid:11365)南"
"東北","宮城","34026","気仙(cid:7967)","けせんぬま","KESENNUMA","気仙(cid:7967)市古町"
"東北","宮城","34096","川渡","かわたび","KAWATABI","大崎市(cid:15110)子(cid:8194)(cid:7976)字(cid:11655)田"
"東北","宮城","34111","(cid:10255)(cid:14603)","つきだて","TSUKIDATE","(cid:7209)原市(cid:10255)(cid:14603)左(cid:12938)下"
"東北","宮城","34171","(cid:10367)山","よねやま","YONEYAMA","(cid:9423)(cid:10367)市(cid:10367)山町(cid:12377)野字(cid:9431)場"
"東北","宮城","34186","志(cid:8032)川","しづがわ","SHIZUGAWA","本吉(cid:13446)南三陸町志(cid:8032)川字城場"
"東北","宮城","34216","古川","ふるかわ","FURUKAWA","大崎市古川大崎字富国"
"東北","宮城","34266","大(cid:12206)","おおひら","OHIRA","(cid:15342)川(cid:13446)大(cid:12206)村松の平"
"東北","宮城","34276","鹿島台","かしまだい","KASHIMADAI","大崎市鹿島台広長字内の(cid:8070)"
"東北","宮城","34292","石巻","いしのまき","ISHINOMAKI","石巻市(cid:7976)町　石巻特別地域気象観測所"
"東北","宮城","34311","新川","にっかわ","NIKKAWA","仙台市青葉区新川字(cid:8171)(cid:7880)尻"
"東北","宮城","34331","塩(cid:13609)","しおがま","SHIOGAMA","塩(cid:10084)市伊保石"
"東北","宮城","34361","(cid:7908)ノ島","えのしま","ENOSHIMA","(cid:8763)鹿(cid:13446)女川町(cid:7908)島字(cid:11432)(cid:11821)"
"東北","宮城","34392","仙台","せんだい","SENDAI","仙台市宮城野区五(cid:13167)　仙台(cid:10230)区気象台"
"東北","宮城","34461","(cid:9425)石","しろいし","SHIROISHI","(cid:9425)石市福岡長(cid:12228)字(cid:8238)(cid:7818)山"
"東北","宮城","34462","(cid:11702)(cid:8932)","ざおう","ZAO","刈田(cid:13446)(cid:11702)(cid:8932)町大字平(cid:7953)字内屋敷"
"東北","宮城","34471","亘(cid:9006)","わたり","WATARI","亘(cid:9006)(cid:13446)亘(cid:9006)町字(cid:7964)田"
"東北","宮城","34506","丸森","まるもり","MARUMORI","伊具(cid:13446)丸森町(cid:11219)(cid:9646)(cid:14059)(cid:11219)山字新(cid:12860)中"
"東北","山形","35002","(cid:14549)島","とびしま","TOBISHIMA","(cid:13511)田市(cid:14549)島字勝(cid:8070)乙"
"東北","山形","35052","(cid:13511)田","さかた","SAKATA","(cid:13511)田市亀ケ崎　(cid:13511)田特別地域気象観測所"
"東北","山形","35071","差(cid:14643)(cid:13856)","さすなべ","SASUNABE","最上(cid:13446)(cid:9535)室川町差(cid:14643)(cid:13856)"
"東北","山形","35116","(cid:13600)山","かねやま","KANEYAMA","最上(cid:13446)(cid:13600)山町(cid:13600)山字本町"
"東北","山形","35141","(cid:15215)岡","つるおか","TSURUOKA","(cid:15215)岡市(cid:13834)町"
"東北","山形","35146","狩川","かりかわ","KARIKAWA","東田川(cid:13446)庄内町狩川字(cid:9646)倉"
"東北","山形","35162","新庄","しんじょう","SHINJO","新庄市東谷地田町　新庄特別地域気象観測所"
"東北","山形","35176","向町","むかいまち","MUKAIMACHI","最上(cid:13446)最上町向町"
"東北","山形","35216","(cid:10973)折","ひじおり","HIJIORI","最上(cid:13446)大(cid:11702)村南山"
"東北","山形","35231","尾(cid:11324)(cid:7953)","おばなざわ","OBANAZAWA","尾(cid:11324)(cid:7953)市新町"
"東北","山形","35246","(cid:15393)ケ関","ねずがせき","NEZUGASEKI","(cid:15215)岡市(cid:15393)ケ関字(cid:7571)路"
"東北","山形","35332","村山","むらやま","MURAYAMA","村山市大字大久保字寄(cid:13240)"
"東北","山形","35361","大井(cid:7953)","おおいさわ","OISAWA","(cid:12377)村山(cid:13446)(cid:12377)川町大井(cid:7953)字中村"
"東北","山形","35376","左(cid:7953)","あてらざわ","ATERAZAWA","(cid:12377)村山(cid:13446)大(cid:7908)町本(cid:13459)字下夕原己"
"東北","山形","35426","山形","やまがた","YAMAGATA","山形市(cid:10611)町　山形地方気象台"
"東北","山形","35456","長井","ながい","NAGAI","長井市平山"
"東北","山形","35486","小国","おぐに","OGUNI","(cid:12377)(cid:10792)(cid:12855)(cid:13446)小国町増岡字下林"
"東北","山形","35511","高(cid:9226)","たかはた","TAKAHATA","東(cid:10792)(cid:12855)(cid:13446)高(cid:9226)町安久(cid:8032)字加(cid:11377)川原"
"東北","山形","35541","高峰","たかみね","TAKAMINE","(cid:12377)(cid:10792)(cid:12855)(cid:13446)(cid:14564)(cid:12751)町高峰"
"東北","山形","35552","(cid:10367)(cid:7953)","よねざわ","YONEZAWA","(cid:10367)(cid:7953)市アルカディア"
"東北","福島","36056","(cid:11377)庭","もにわ","MONIWA","福島市(cid:14564)坂町(cid:11377)庭字(cid:8293)(cid:8298)道"
"東北","福島","36066","(cid:7281)川","やながわ","YANAGAWA","伊(cid:13353)市(cid:7281)川町(cid:10390)野字作田"
"東北","福島","36106","(cid:7264)原","ひばら","HIBARA","(cid:10920)(cid:15326)(cid:13446)北塩原村(cid:7264)原字墓下"
"東北","福島","36126","福島","ふくしま","FUKUSHIMA","福島市松木町　福島地方気象台"
"東北","福島","36151","(cid:9510)馬","そうま","SOMA","(cid:9510)馬市成田字五(cid:13435)右エ(cid:14043)(cid:7595)"
"東北","福島","36176","喜多方","きたかた","KITAKATA","喜多方市字押切"
"東北","福島","36196","(cid:15254)倉","わしくら","WASHIKURA","福島市土(cid:8238)(cid:8194)(cid:7976)町字(cid:15254)倉山国有林"
"東北","福島","36221","(cid:14564)(cid:11219)","いいたて","IITATE","(cid:9510)馬(cid:13446)(cid:14564)(cid:11219)村(cid:14564)(cid:7549)字(cid:10143)石"
"東北","福島","36251","(cid:12377)会(cid:8032)","にしあいづ","NISHIAIZU","(cid:10920)(cid:15326)(cid:13446)(cid:12377)会(cid:8032)町尾野本字(cid:7549)ノ口原乙"
"東北","福島","36276","(cid:8870)(cid:11345)代","いなわしろ","INAWASHIRO","(cid:10920)(cid:15326)(cid:13446)(cid:8870)(cid:11345)代町大字千代田字中島"
"東北","福島","36291","二本松","にほんまつ","NIHOMMATSU","二本松市(cid:13600)(cid:11277)久保"
"東北","福島","36342","(cid:13600)山","かねやま","KANEYAMA","大(cid:7967)(cid:13446)(cid:13600)山町大字中川字沖根原"
"東北","福島","36361","(cid:11357)松","わかまつ","WAKAMATSU","会(cid:8032)(cid:11357)松市材木町　(cid:11357)松特別地域気象観測所"
"東北","福島","36391","(cid:11242)引","ふねひき","FUNEHIKI","田村市(cid:11242)引町(cid:11242)引字新房(cid:14164)"
"東北","福島","36411","(cid:8073)(cid:7908)","なみえ","NAMIE","双葉(cid:13446)(cid:8073)(cid:7908)町川(cid:8167)字北上の原"
"東北","福島","36426","只(cid:12386)","ただみ","TADAMI","南会(cid:8032)(cid:13446)只(cid:12386)町只(cid:12386)字原"
"東北","福島","36476","(cid:13446)山","こおりやま","KOORIYAMA","(cid:13446)山市安(cid:10010)町成田字東丸山"
"東北","福島","36501","川内","かわうち","KAWAUCHI","双葉(cid:13446)川内村上川内字小山平"
"東北","福島","36536","南(cid:13459)","なんごう","NANGO","南会(cid:8032)(cid:13446)南会(cid:8032)町(cid:9210)字梨木平"
"東北","福島","36562","(cid:8238)本","ゆもと","YUMOTO","岩(cid:8489)(cid:13446)天(cid:7204)村田良尾字持石"
"東北","福島","36591","小野新町","おのにいまち","ONONIIMACHI","田村(cid:13446)小野町小野新町字(cid:11219)廻"
"東北","福島","36611","広野","ひろの","HIRONO","双葉(cid:13446)広野町下北(cid:13269)字大谷地原"
"東北","福島","36641","田島","たじま","TAJIMA","南会(cid:8032)(cid:13446)南会(cid:8032)町田島字東下原"
"東北","福島","36667","(cid:9425)(cid:7961)","しらかわ","SHIRAKAWA","(cid:9425)(cid:7961)市(cid:13452)内　(cid:9425)(cid:7961)特別地域気象観測所"
"東北","福島","36676","石川","いしかわ","ISHIKAWA","石川(cid:13446)石川町双(cid:13595)字本宮"
"東北","福島","36716","(cid:7264)枝岐","ひのえまた","HINOEMATA","南会(cid:8032)(cid:13446)檜枝岐村字上(cid:7961)原"
"東北","福島","36821","東(cid:9425)川","ひがししらかわ","HIGASHISHIRAKAWA","東(cid:9425)川(cid:13446)塙町大字上石井字新田"
"東北","福島","36836","山田","やまだ","YAMADA","いわき市山田町大谷"
"東北","福島","36846","小名(cid:8062)","おなはま","ONAHAMA","いわき市小名(cid:8062)字(cid:11242)引場　小名(cid:8062)特別地域気象観測所"
"関東","茨城","40046","北茨城","きたいばらき","KITAIBARAKI","北茨城市関南町関本下"
"関東","茨城","40061","大子","だいご","DAIGO","久慈(cid:13446)大子町大子"
"関東","茨城","40091","常陸大宮","ひたちおおみや","HITACHIOMIYA","常陸大宮市上小(cid:8489)"
"関東","茨城","40136","日(cid:10087)","ひたち","HITACHI","日(cid:10087)市会(cid:8489)町"
"関東","茨城","40191","(cid:10143)(cid:14059)","かさま","KASAMA","(cid:10143)(cid:14059)市(cid:10237)田"
"関東","茨城","40201","(cid:7880)戸","みと","MITO","(cid:7880)戸市(cid:13600)町　(cid:7880)戸地方気象台"
"関東","茨城","40221","古(cid:7961)","こが","KOGA","古(cid:7961)市北町"
"関東","茨城","40231","下(cid:14603)","しもだて","SHIMODATE","(cid:10179)(cid:12377)市(cid:12377)石田"
"関東","茨城","40281","下妻","しもつま","SHIMOTSUMA","下妻市二本(cid:10454)"
"関東","茨城","40311","(cid:13725)田","ほこた","HOKOTA","(cid:13725)田市安房"
"関東","茨城","40336","つくば","つくば","TSUKUBA","つくば市長峰　高層気象台"
"関東","茨城","40341","土(cid:8070)","つちうら","TSUCHIURA","土(cid:8070)市木田余東台"
"関東","茨城","40406","鹿嶋","かしま","KASHIMA","鹿嶋市城山"
"関東","茨城","40426","(cid:15455)ケ崎","りゅうがさき","RYUGASAKI","(cid:15455)ケ崎市大徳町"
"関東","栃木","41011","(cid:13411)(cid:14450)高原","なすこうげん","NASU-KOGEN","(cid:13411)(cid:14450)(cid:13446)(cid:13411)(cid:14450)町大島"
"関東","栃木","41076","五十(cid:13595)","いかり","IKARI","日光市五十(cid:13595)堀割"
"関東","栃木","41091","(cid:15342)(cid:9790)","くろいそ","KUROISO","(cid:13411)(cid:14450)塩原市埼玉"
"関東","栃木","41116","土呂(cid:13450)","どろぶ","DOROBU","日光市土呂(cid:13450)"
"関東","栃木","41141","大田原","おおたわら","OTAWARA","大田原市宇田川"
"関東","栃木","41166","奥日光","おくにっこう","OKUNIKKO","日光市中宮(cid:9862)　日光特別地域気象観測所"
"関東","栃木","41171","今市","いまいち","IMAICHI","日光市(cid:8489)川"
"関東","栃木","41181","塩谷","しおや","SHIOYA","塩谷(cid:13446)塩谷町大字田所"
"関東","栃木","41247","(cid:13411)(cid:14450)(cid:8562)山","なすからすやま","NASU-KARASUYAMA","(cid:13411)(cid:14450)(cid:8562)山市森田字小塙前"
"関東","栃木","41271","鹿(cid:7967)","かぬま","KANUMA","鹿(cid:7967)市(cid:12386)野"
"関東","栃木","41277","宇都宮","うつのみや","UTSUNOMIYA","宇都宮市明保野町　宇都宮地方気象台"
"関東","栃木","41331","(cid:9535)岡","もおか","MOOKA","(cid:9535)岡市下(cid:10354)谷"
"関東","栃木","41361","佐野","さの","SANO","佐野市田(cid:7967)町"
"関東","栃木","41376","小山","おやま","OYAMA","小山市出井"
"関東","群馬","42046","(cid:11816)原","ふじわら","FUJIWARA","利根(cid:13446)みなかみ町(cid:11816)原字屋倉"
"関東","群馬","42091","みなかみ","みなかみ","MINAKAMI","利根(cid:13446)みなかみ町幸知"
"関東","群馬","42121","(cid:11425)(cid:8032)","くさつ","KUSATSU","吾妻(cid:13446)(cid:11425)(cid:8032)町(cid:11425)(cid:8032)"
"関東","群馬","42146","(cid:7967)田","ぬまた","NUMATA","(cid:7967)田市井土上町"
"関東","群馬","42186","中之条","なかのじょう","NAKANOJO","吾妻(cid:13446)中之条町伊勢町"
"関東","群馬","42221","田代","たしろ","TASHIRO","吾妻(cid:13446)嬬恋村田代"
"関東","群馬","42251","前(cid:7595)","まえばし","MAEBASHI","前(cid:7595)市昭和町　前(cid:7595)地方気象台"
"関東","群馬","42266","(cid:7250)(cid:9173)","きりゅう","KIRYU","(cid:7250)(cid:9173)市元宿町"
"関東","群馬","42286","上(cid:13595)(cid:12386)","かみさとみ","KAMISATOMI","高崎市上(cid:13595)(cid:12386)町"
"関東","群馬","42302","伊勢崎","いせさき","ISESAKI","伊勢崎市宮子町"
"関東","群馬","42326","(cid:12377)野(cid:8766)","にしのまき","NISHI-NOMAKI","(cid:9169)(cid:7462)(cid:13446)下仁田町(cid:12377)野(cid:8766)"
"関東","群馬","42366","(cid:14603)林","たてばやし","TATEBAYASHI","(cid:14603)林市富士原"
"関東","群馬","42396","神(cid:8054)","かんな","KANNA","多野(cid:13446)神(cid:8054)町大字(cid:15342)田字坂井道下"
"関東","埼玉","43051","寄居","よりい","YORII","大(cid:13595)(cid:13446)寄居町大字折原"
"関東","埼玉","43056","熊谷","くまがや","KUMAGAYA","熊谷市(cid:7260)町　熊谷地方気象台"
"関東","埼玉","43126","久喜","くき","KUKI","久喜市六万(cid:13450)"
"関東","埼玉","43156","(cid:9947)(cid:8727)","ちちぶ","CHICHIBU","(cid:9947)(cid:8727)市上町　(cid:9947)(cid:8727)特別地域気象観測所"
"関東","埼玉","43171","(cid:15104)山","はとやま","HATOYAMA","(cid:7834)企(cid:13446)(cid:15104)山町大字(cid:12901)(cid:7967)"
"関東","埼玉","43241","さいたま","さいたま","SAITAMA","さいたま市(cid:7260)区大字宿"
"関東","埼玉","43256","(cid:12922)谷","こしがや","KOSHIGAYA","(cid:12922)谷市大字北後谷"
"関東","埼玉","43266","所(cid:7953)","ところざわ","TOKOROZAWA","所(cid:7953)市勝(cid:7462)寺"
"関東","東京","44046","小(cid:7961)内","おごうち","OGOCHI","(cid:12377)多摩(cid:13446)奥多摩町原"
"関東","東京","44056","青(cid:7285)","おうめ","OME","青(cid:7285)市新町"
"関東","東京","44071","(cid:10638)馬","ねりま","NERIMA","(cid:10638)馬区石神井台"
"関東","東京","44112","八(cid:8932)子","はちおうじ","HACHIOJI","八(cid:8932)子市元本(cid:13459)町"
"関東","東京","44116","府中","ふちゅう","FUCHU","府中市幸町"
"関東","東京","44132","東京","とうきょう","TOKYO","文京区(cid:9425)山　小石川(cid:7388)(cid:8768)園"
"関東","東京","44136","(cid:7908)戸川(cid:11179)海","えどがわりんかい","EDOGAWA-RINKAI","(cid:7908)戸川区(cid:11179)海町"
"関東","東京","44172","大島","おおしま","OSHIMA","大島町元町字家の上　大島特別地域気象観測所"
"関東","東京","44226","三宅島","みやけじま","MIYAKEJIMA","三宅村神(cid:9556)　三宅島特別地域気象観測所"
"関東","東京","44263","八丈島","はちじょうじま","HACHIJOJIMA","八丈島八丈町大賀(cid:13459)　八丈島特別地域気象観測所"
"関東","東京","44301","(cid:8727)島","ちちじま","CHICHIJIMA","小(cid:10143)原村(cid:8727)島字(cid:12377)町　(cid:8727)島気象観測所"
"関東","千葉","45061","我孫子","あびこ","ABIKO","我孫子市新木野"
"関東","千葉","45081","香取","かとり","KATORI","香取市大根"
"関東","千葉","45106","(cid:11242)(cid:7595)","ふなばし","FUNABASHI","(cid:11242)(cid:7595)市(cid:11782)円台"
"関東","千葉","45116","佐倉","さくら","SAKURA","佐倉市(cid:12421)来字屋敷前"
"関東","千葉","45147","(cid:13743)子","ちょうし","CHOSHI","(cid:13743)子市川口町　(cid:13743)子地方気象台"
"関東","千葉","45181","(cid:7571)(cid:11306)光","よこしばひかり","YOKOSHIBAHIKARI","山(cid:7754)(cid:13446)(cid:7571)(cid:11306)光町(cid:7571)(cid:11306)"
"関東","千葉","45212","千葉","ちば","CHIBA","千葉市中央区中央(cid:8199)　千葉特別地域気象観測所"
"関東","千葉","45261","(cid:11377)原","もばら","MOBARA","(cid:11377)原市高師"
"関東","千葉","45282","木更(cid:8032)","きさらづ","KISARAZU","木更(cid:8032)市(cid:12595)(cid:12377)南"
"関東","千葉","45291","(cid:8757)久","うしく","USHIKU","市原市(cid:10367)(cid:7953)"
"関東","千葉","45326","坂(cid:9215)","さかはた","SAKAHATA","君(cid:8032)市坂(cid:9215)"
"関東","千葉","45361","(cid:15134)川","かもがわ","KAMOGAWA","(cid:15134)川市(cid:7571)(cid:8181)"
"関東","千葉","45371","勝(cid:8070)","かつうら","KATSUURA","勝(cid:8070)市墨名　勝(cid:8070)特別地域気象観測所"
"関東","千葉","45401","(cid:14603)山","たてやま","TATEYAMA","(cid:14603)山市長(cid:14450)賀　(cid:14603)山特別地域気象観測所"
"関東","神奈川","46091","海(cid:10881)名","えびな","EBINA","海(cid:10881)名市中新田"
"関東","神奈川","46106","(cid:7571)(cid:8062)","よこはま","YOKOHAMA","(cid:7571)(cid:8062)市中区山手町　(cid:7571)(cid:8062)地方気象台"
"関東","神奈川","46141","(cid:13239)堂","つじどう","TSUJIDO","(cid:11816)(cid:7953)市(cid:13239)堂(cid:12377)海岸"
"関東","神奈川","46166","小田原","おだわら","ODAWARA","小田原市扇町"
"関東","神奈川","46211","三(cid:8070)","みうら","MIURA","三(cid:8070)市初声町下宮田"
"甲信","長野","48031","野(cid:7953)(cid:8194)(cid:7976)","のざわおんせん","NOZAWAONSEN","下高井(cid:13446)野(cid:7953)(cid:8194)(cid:7976)村大字(cid:12751)(cid:13459)字南原"
"甲信","長野","48061","信(cid:8432)町","しなのまち","SHINANOMACHI","上(cid:7880)内(cid:13446)信(cid:8432)町柏原字小丸山"
"甲信","長野","48066","(cid:14564)山","いいやま","IIYAMA","(cid:14564)山市大字(cid:14564)山字大道東"
"甲信","長野","48141","(cid:9425)馬","はくば","HAKUBA","北安曇(cid:13446)(cid:9425)馬村北城"
"甲信","長野","48156","長野","ながの","NAGANO","長野市(cid:10237)(cid:8171)(cid:7880)　長野地方気象台"
"甲信","長野","48191","大町","おおまち","OMACHI","大町市大町"
"甲信","長野","48196","信州新町","しんしゅうしんまち","SHINSHUSHIMMACHI","長野市信州新町(cid:8766)田中"
"甲信","長野","48216","(cid:11490)平","すがだいら","SUGADAIRA","上田市(cid:11490)平高原"
"甲信","長野","48256","上田","うえだ","UEDA","上田市古(cid:13595)"
"甲信","長野","48296","(cid:10001)高","ほたか","HOTAKA","安曇野市(cid:10001)高"
"甲信","長野","48321","東御","とうみ","TOMI","東御市新張"
"甲信","長野","48331","(cid:13133)井(cid:7953)","かるいざわ","KARUIZAWA","北佐久(cid:13446)(cid:13133)井(cid:7953)町大字(cid:13283)分　(cid:13133)井(cid:7953)特別地域気象観測所"
"甲信","長野","48361","松本","まつもと","MATSUMOTO","松本市(cid:7953)村　松本特別地域気象観測所"
"甲信","長野","48381","(cid:10087)(cid:9929)","たてしな","TATESHINA","北佐久(cid:13446)(cid:10087)(cid:9929)町(cid:11313)田"
"甲信","長野","48386","佐久","さく","SAKU","佐久市中(cid:13240)"
"甲信","長野","48466","奈川","ながわ","NAGAWA","松本市奈川"
"甲信","長野","48491","(cid:12598)(cid:12476)","すわ","SUWA","(cid:12598)(cid:12476)市(cid:8224)岸(cid:13307)り　(cid:12598)(cid:12476)特別地域気象観測所"
"甲信","長野","48531","(cid:14052)田高原","かいだこうげん","KAIDAKOGEN","木曽(cid:13446)木曽町(cid:14052)田高原(cid:12377)野"
"甲信","長野","48536","木(cid:9853)(cid:11784)原","きそやぶはら","KISO-YABUHARA","木曽(cid:13446)木(cid:9853)村(cid:11784)原"
"甲信","長野","48541","木曽平(cid:7953)","きそひらさわ",,"塩尻市大字木曽平(cid:7953)"
"甲信","長野","48546","(cid:13230)野","たつの","TATSUNO","上伊(cid:13411)(cid:13446)(cid:13230)野町中央"
"甲信","長野","48561","原村","はらむら","HARAMURA","(cid:12598)(cid:12476)(cid:13446)原村向坂上"
"甲信","長野","48571","野(cid:13238)山","のべやま","NOBEYAMA","南佐久(cid:13446)南(cid:8766)村野(cid:13238)山"
"甲信","長野","48606","木曽福島","きそふくしま","KISOFUKUSHIMA","木曽(cid:13446)木曽町福島"
"甲信","長野","48621","伊(cid:13411)","いな","INA","伊(cid:13411)市下新田"
"甲信","長野","48717","南木曽","なぎそ","NAGISO","木曽(cid:13446)南木曽町(cid:12574)書"
"甲信","長野","48731","(cid:14564)島","いいじま","IIJIMA","上伊(cid:13411)(cid:13446)(cid:14564)島町七久保"
"甲信","長野","48767","(cid:14564)田","いいだ","IIDA","(cid:14564)田市高(cid:10842)町　(cid:14564)田特別地域気象観測所"
"甲信","長野","48826","(cid:8073)合","なみあい","NAMIAI","下伊(cid:13411)(cid:13446)(cid:14143)智村(cid:8073)合"
"甲信","長野","48841","南信(cid:8432)","みなみしなの","MINAMISHINANO","(cid:14564)田市南信(cid:8432)和田字夜川(cid:8489)"
"甲信","山梨","49036","大(cid:7976)","おおいずみ","OIZUMI","北杜市大(cid:7976)町谷戸"
"甲信","山梨","49086","(cid:14430)崎","にらさき","NIRASAKI","(cid:14430)崎市大(cid:11425)町(cid:11357)尾"
"甲信","山梨","49142","甲府","こうふ","KOFU","甲府市(cid:14564)田　甲府地方気象台"
"甲信","山梨","49151","勝(cid:7967)","かつぬま","KATSUNUMA","甲州市勝(cid:7967)町勝(cid:7967)"
"甲信","山梨","49161","大月","おおつき","OTSUKI","大月市大月"
"甲信","山梨","49196","古関","ふるせき","FURUSEKI","甲府市古関町"
"甲信","山梨","49236","切石","きりいし","KIRIISHI","南巨摩(cid:13446)(cid:13087)延町切石"
"甲信","山梨","49251","(cid:7961)口(cid:8224)","かわぐちこ","KAWAGUCHI-KO","南都留(cid:13446)富士(cid:7961)口(cid:8224)町(cid:11242)(cid:8032)　(cid:7961)口(cid:8224)特別地域気象観測所"
"甲信","山梨","49256","山中","やまなか","YAMANAKA","南都留(cid:13446)山中(cid:8224)村山中字梨ケ原"
"甲信","山梨","49316","南(cid:13450)","なんぶ","NAMBU","南巨摩(cid:13446)南(cid:13450)町南(cid:13450)"
"東海","静岡","50106","井川","いかわ","IKAWA","静岡市(cid:11591)区井川"
"東海","静岡","50136","御(cid:7818)場","ごてんば","GOTEMBA","御(cid:7818)場市(cid:11543)原"
"東海","静岡","50196","富士","ふじ","FUJI","富士市厚原"
"東海","静岡","50206","三島","みしま","MISHIMA","三島市東本町　三島特別地域気象観測所"
"東海","静岡","50226","佐久(cid:14059)","さくま","SAKUMA","(cid:8062)松市天(cid:10099)区佐久(cid:14059)町(cid:8070)川"
"東海","静岡","50241","川根本町","かわねほんちょう","KAWANEHONCHO","(cid:7477)原(cid:13446)川根本町田代"
"東海","静岡","50261","(cid:8171)(cid:7880)","しみず","SHIMIZU","静岡市(cid:8171)(cid:7880)区興(cid:8032)中町"
"東海","静岡","50281","(cid:10585)代","あじろ","AJIRO","(cid:8661)海市(cid:10585)代　(cid:10585)代特別地域気象観測所"
"東海","静岡","50331","静岡","しずおか","SHIZUOKA","静岡市(cid:14708)(cid:7961)区曲(cid:13600)　静岡地方気象台"
"東海","静岡","50386","天(cid:10099)","てんりゅう","TENRYU","(cid:8062)松市天(cid:10099)区(cid:11242)明"
"東海","静岡","50456","(cid:8062)松","はままつ","HAMAMATSU","(cid:8062)松市中区高丘東　(cid:8062)松特別地域気象観測所"
"東海","静岡","50476","(cid:11493)川(cid:8766)之原","きくがわまきのはら","KIKUGAWA-MAKINOHARA","(cid:11493)川市倉(cid:7953)"
"東海","静岡","50491","松崎","まつざき","MATSUZAKI","賀(cid:11377)(cid:13446)松崎町(cid:7908)奈"
"東海","静岡","50506","(cid:9988)取","いなとり","INATORI","賀(cid:11377)(cid:13446)東伊(cid:12747)町(cid:9988)取"
"東海","静岡","50536","(cid:9772)田","いわた","IWATA","(cid:9772)田市南島"
"東海","静岡","50551","御前崎","おまえざき","OMAEZAKI","御前崎市御前崎　御前崎特別地域気象観測所"
"東海","静岡","50561","石廊崎","いろうざき","IROZAKI","賀(cid:11377)(cid:13446)南伊(cid:12747)町石廊崎石室山　石廊崎特別地域気象観測所"
"東海","愛知","51031","愛(cid:12377)","あいさい","AISAI","愛(cid:12377)市(cid:7908)(cid:12377)町川原"
"東海","愛知","51071","(cid:9988)(cid:7754)","いなぶ","INABU","(cid:12751)田市(cid:9988)(cid:7754)町スソガエト"
"東海","愛知","51106","名古屋","なごや","NAGOYA","名古屋市千(cid:9984)区日和町　名古屋地方気象台"
"東海","愛知","51116","(cid:12751)田","とよた","TOYOTA","(cid:12751)田市高町東山"
"東海","愛知","51216","大府","おおぶ","OBU","大府市森岡町"
"東海","愛知","51226","岡崎","おかざき","OKAZAKI","岡崎市(cid:10814)合町地(cid:11702)野"
"東海","愛知","51247","新城","しんしろ","SHINSHIRO","新城市富(cid:7953)字広(cid:8489)"
"東海","愛知","51281","(cid:11622)(cid:13446)","がまごおり","GAMAGOORI","(cid:11622)(cid:13446)市神ノ(cid:13459)町上名取"
"東海","愛知","51311","南知多","みなみちた","MINAMICHITA","知多(cid:13446)南知多町大字(cid:12751)丘字(cid:8062)(cid:12386)台"
"東海","愛知","51331","(cid:12751)(cid:7595)","とよはし","TOYOHASHI","(cid:12751)(cid:7595)市神野新田町レノ割"
"東海","愛知","51346","伊良(cid:8224)","いらこ","IRAKO","田原市福(cid:7908)町字(cid:13600)五(cid:13435)坂　伊良(cid:8224)特別地域気象観測所"
"東海","岐阜","52041","(cid:7961)合","かわい","KAWAI","(cid:14549)(cid:14732)市(cid:7961)合町(cid:12421)川"
"東海","岐阜","52051","神岡","かみおか","KAMIOKA","(cid:14549)(cid:14732)市神岡町(cid:7818)"
"東海","岐阜","52081","(cid:9425)川","しらかわ","SHIRAKAWA","大野(cid:13446)(cid:9425)川村(cid:15104)谷字北長"
"東海","岐阜","52111","栃尾","とちお","TOCHIO","高山市奥(cid:14549)(cid:14732)(cid:8194)(cid:7976)(cid:13459)今(cid:12386)"
"東海","岐阜","52146","高山","たかやま","TAKAYAMA","高山市(cid:7250)(cid:9173)町　高山特別地域気象観測所"
"東海","岐阜","52181","六厩","むまや","MUMAYA","高山市(cid:11438)川町六厩"
"東海","岐阜","52196","宮之前","みやのまえ","MIYANOMAE","高山市朝日町宮之前"
"東海","岐阜","52221","長(cid:8298)","ながたき","NAGATAKI","(cid:13446)上市(cid:9425)鳥町長(cid:8298)字三昧"
"東海","岐阜","52286","(cid:11543)原","はぎわら","HAGIWARA","下呂市(cid:11543)原町(cid:10842)根"
"東海","岐阜","52331","八幡","はちまん","HACHIMAN","(cid:13446)上市八幡町旭田尻"
"東海","岐阜","52346","宮地","みやじ","MIYAJI","下呂市宮地"
"東海","岐阜","52381","(cid:7585)(cid:12386)","たるみ","TARUMI","本巣市根尾神所"
"東海","岐阜","52406","(cid:13600)山","かなやま","KANAYAMA","下呂市(cid:13600)山町大(cid:11242)渡"
"東海","岐阜","52461","(cid:10814)(cid:8432)","みの","MINO","(cid:10814)(cid:8432)市前野中川原"
"東海","岐阜","52482","(cid:15342)川","くろかわ","KUROKAWA","加(cid:11377)(cid:13446)(cid:9425)川町(cid:15342)川"
"東海","岐阜","52511","揖斐川","いびがわ","IBIGAWA","揖斐(cid:13446)揖斐川町三(cid:13167)"
"東海","岐阜","52536","(cid:10814)(cid:8432)加(cid:11377)","みのかも","MINOKAMO","(cid:10814)(cid:8432)加(cid:11377)市(cid:12377)町"
"東海","岐阜","52556","恵(cid:13411)","えな","ENA","恵(cid:13411)市長島町永田大(cid:8029)"
"東海","岐阜","52557","中(cid:8032)川","なかつがわ","NAKATSUGAWA","中(cid:8032)川市手賀野"
"東海","岐阜","52571","関ケ原","せきがはら","SEKIGAHARA","不(cid:9690)(cid:13446)関ケ原町関ケ原"
"東海","岐阜","52581","大垣","おおがき","OGAKI","大垣市(cid:9915)森町"
"東海","岐阜","52586","岐阜","ぎふ","GIFU","岐阜市加(cid:10465)二之丸　岐阜地方気象台"
"東海","岐阜","52606","多(cid:7966)(cid:12386)","たじみ","TAJIMI","多(cid:7966)(cid:12386)市光ケ丘"
"東海","三重","53041","(cid:7251)名","くわな","KUWANA","(cid:7251)名市大字(cid:7908)場字(cid:7751)(cid:13600)縄"
"東海","三重","53061","四日市","よっかいち","YOKKAICHI","四日市市日永　四日市特別地域気象観測所"
"東海","三重","53091","亀山","かめやま","KAMEYAMA","亀山市(cid:7418)世町"
"東海","三重","53112","上野","うえの","UENO","伊賀市(cid:10611)ケ丘本町　上野特別地域気象観測所"
"東海","三重","53133","(cid:8032)","つ","TSU","(cid:8032)市島崎町　(cid:8032)地方気象台"
"東海","三重","53196","小俣","おばた","OBATA","伊勢市小俣町明野"
"東海","三重","53231","(cid:10395)(cid:12386)","かゆみ","KAYUMI","松阪市(cid:14564)南町(cid:10395)(cid:12386)"
"東海","三重","53257","鳥(cid:10842)","とば","TOBA","鳥(cid:10842)市鳥(cid:10842)"
"東海","三重","53296","南伊勢","みなみいせ","MINAMIISE","度会(cid:13446)南伊勢町(cid:11242)(cid:12922)"
"東海","三重","53326","(cid:10454)伊長島","きいながしま","KII-NAGASHIMA","北(cid:8761)婁(cid:13446)(cid:10454)北町長島"
"東海","三重","53378","尾(cid:15254)","おわせ","OWASE","尾(cid:15254)市南(cid:14183)町　尾(cid:15254)特別地域気象観測所"
"東海","三重","53401","熊野新鹿","くまのあたしか","KUMANOATASHIKA","熊野市新鹿町"
"北陸","新潟","54012","(cid:10390)島","あわしま","AWASHIMA","岩(cid:11242)(cid:13446)(cid:10390)島(cid:8070)村字内(cid:8070)"
"北陸","新潟","54041","弾崎","はじきざき","HAGIKIZAKI","佐渡市(cid:15254)崎字弾崎"
"北陸","新潟","54086","村上","むらかみ","MURAKAMI","村上市三之町"
"北陸","新潟","54157","(cid:9510)川","あいかわ","AIKAWA","佐渡市(cid:9510)川三町(cid:9504)新(cid:8062)町　(cid:9510)川特別地域気象観測所"
"北陸","新潟","54166","両(cid:8032)","りょうつ","RYOTSU","佐渡市両(cid:8032)(cid:8214)"
"北陸","新潟","54181","中条","なかじょう","NAKAJO","(cid:11006)内市新和町"
"北陸","新潟","54191","下関","しもせき","SHIMOSEKI","岩(cid:11242)(cid:13446)関川村下関"
"北陸","新潟","54232","新潟","にいがた","NIIGATA","新潟市中央区(cid:10814)咲町　新潟地方気象台"
"北陸","新潟","54271","(cid:10842)(cid:11377)","はもち","HAMOCHI","佐渡市(cid:10842)(cid:11377)本(cid:13459)"
"北陸","新潟","54296","新(cid:8032)","にいつ","NIITSU","新潟市秋葉区小戸上(cid:10508)"
"北陸","新潟","54341","巻","まき","MAKI","新潟市(cid:12377)(cid:11622)区巻甲"
"北陸","新潟","54387","寺(cid:7977)","てらどまり","TERADOMARI","長岡市寺(cid:7977)二の関"
"北陸","新潟","54396","三条","さんじょう","SANJO","三条市(cid:12377)(cid:12268)(cid:14603)"
"北陸","新潟","54421","(cid:8032)川","つがわ","TSUGAWA","東(cid:11622)原(cid:13446)(cid:14143)賀町(cid:8032)川"
"北陸","新潟","54501","長岡","ながおか","NAGAOKA","長岡市(cid:10611)町"
"北陸","新潟","54541","柏崎","かしわざき","KASHIWAZAKI","柏崎市元城町"
"北陸","新潟","54566","守(cid:14043)","すもん","SUMON","(cid:14902)(cid:7967)市(cid:12377)名"
"北陸","新潟","54586","大潟","おおがた","OGATA","上(cid:12922)市大潟区土底(cid:8062)"
"北陸","新潟","54616","小出","こいで","KOIDE","(cid:14902)(cid:7967)市佐梨"
"北陸","新潟","54651","高田","たかだ","TAKADA","上(cid:12922)市大手町　高田特別地域気象観測所"
"北陸","新潟","54661","安塚","やすづか","YASUZUKA","上(cid:12922)市安塚区和田"
"北陸","新潟","54676","十日町","とおかまち","TOKAMACHI","十日町市小(cid:7976)字北原"
"北陸","新潟","54711","(cid:10450)(cid:14902)川","いといがわ","ITOIGAWA","(cid:10450)(cid:14902)川市東寺町"
"北陸","新潟","54721","(cid:11039)(cid:9173)","のう","NO","(cid:10450)(cid:14902)川市大字平"
"北陸","新潟","54816","関山","せきやま","SEKIYAMA","妙高市大字関山字原田"
"北陸","新潟","54836","(cid:8032)南","つなん","TSUNAN","中(cid:14902)(cid:7967)(cid:13446)(cid:8032)南町中(cid:8157)(cid:12386)乙"
"北陸","新潟","54841","(cid:8238)(cid:7953)","ゆざわ","YUZAWA","南(cid:14902)(cid:7967)(cid:13446)(cid:8238)(cid:7953)町(cid:8238)(cid:7953)字中島川原"
"北陸","富山","55022","朝日","あさひ","ASAHI","下新川(cid:13446)朝日町南保町"
"北陸","富山","55041","(cid:7883)(cid:12386)","ひみ","HIMI","(cid:7883)(cid:12386)市七分一"
"北陸","富山","55056","(cid:14902)(cid:8032)","うおづ","UOZU","(cid:14902)(cid:8032)市六(cid:13435)丸"
"北陸","富山","55091","伏木","ふしき","FUSHIKI","高岡市伏木古国府　伏木特別地域気象観測所"
"北陸","富山","55102","富山","とやま","TOYAMA","富山市石坂　富山地方気象台"
"北陸","富山","55141","(cid:9693)(cid:7996)","となみ","TONAMI","(cid:9693)(cid:7996)市五(cid:13435)丸"
"北陸","富山","55166","上市","かみいち","KAMIICHI","中新川(cid:13446)上市町東(cid:9984)"
"北陸","富山","55191","南(cid:9693)高宮","なんとたかみや","NANTOTAKAMIYA","南(cid:9693)市高宮"
"北陸","富山","55206","八尾","やつお","YATSUO","富山市八尾町(cid:7572)尾"
"北陸","石川","56036","(cid:8980)(cid:8042)","すず","SUZU","(cid:8980)(cid:8042)市(cid:7751)(cid:14164)町(cid:7751)(cid:14164)"
"北陸","石川","56052","(cid:13167)島","わじま","WAJIMA","(cid:13167)島市(cid:15109)(cid:11187)町(cid:9226)田　(cid:13167)島特別地域気象観測所"
"北陸","石川","56116","志賀","しか","SHIKA","(cid:10842)咋(cid:13446)志賀町富来(cid:14463)家町甲"
"北陸","石川","56146","七尾","ななお","NANAO","七尾市万(cid:12188)町43の(cid:13450)"
"北陸","石川","56176","(cid:10842)咋","はくい","HAKUI","(cid:10842)咋市旭町"
"北陸","石川","56186","かほく","かほく","KAHOKU","かほく市内日(cid:12421)井"
"北陸","石川","56227","(cid:13600)(cid:7953)","かなざわ","KANAZAWA","(cid:13600)(cid:7953)市(cid:12377)念　(cid:13600)(cid:7953)地方気象台"
"北陸","石川","56276","小松","こまつ","KOMATSU","小松市今(cid:7908)町"
"北陸","石川","56286","(cid:9425)山(cid:7961)内","はくさんかわち","HAKUSAN-KAWACHI","(cid:9425)山市(cid:7961)内町福岡"
"北陸","石川","56301","加賀(cid:11490)谷","かがすがたに","KAGA-SUGATANI","加賀市山中(cid:8194)(cid:7976)(cid:11490)谷町"
"北陸","福井","57001","三国","みくに","MIKUNI","坂井市三国町平山"
"北陸","福井","57051","(cid:12922)廼","こしの","KOSHINO","福井市居倉町"
"北陸","福井","57066","福井","ふくい","FUKUI","福井市(cid:12751)島　福井地方気象台"
"北陸","福井","57082","勝山","かつやま","KATSUYAMA","勝山市平(cid:7976)寺町平(cid:7976)寺86字岡道北"
"北陸","福井","57121","大野","おおの","ONO","大野市93字(cid:11948)塚"
"北陸","福井","57206","今庄","いまじょう","IMAJO","南条(cid:13446)南(cid:12922)前町今庄"
"北陸","福井","57248","敦賀","つるが","TSURUGA","敦賀市松(cid:7204)町　敦賀特別地域気象観測所"
"北陸","福井","57286","(cid:10814)(cid:8062)","みはま","MIHAMA","三方(cid:13446)(cid:10814)(cid:8062)町久々子"
"北陸","福井","57317","小(cid:8062)","おばま","OBAMA","小(cid:8062)市(cid:13362)敷"
"近畿","滋賀","60051","今(cid:8032)","いまづ","IMAZU","高島市今(cid:8032)町弘川"
"近畿","滋賀","60061","長(cid:8062)","ながはま","NAGAHAMA","長(cid:8062)市唐国町"
"近畿","滋賀","60102","(cid:10367)原","まいばら","MAIBARA","(cid:10367)原市朝日字尻屋"
"近畿","滋賀","60116","南小松","みなみこまつ","MINAMIKOMATSU","大(cid:8032)市南小松"
"近畿","滋賀","60131","彦根","ひこね","HIKONE","彦根市城町　彦根地方気象台"
"近畿","滋賀","60196","東近(cid:7908)","ひがしおうみ","HIGASHIOMI","東近(cid:7908)市(cid:7260)川東町"
"近畿","滋賀","60216","大(cid:8032)","おおつ","OTSU","大(cid:8032)市(cid:11547)野(cid:8070)"
"近畿","滋賀","60226","信(cid:7462)","しがらき","SHIGARAKI","甲賀市信(cid:7462)町(cid:8766)"
"近畿","滋賀","60236","土山","つちやま","TSUCHIYAMA","甲賀市土山町北土山"
"近畿","京都","61001","(cid:14059)人","たいざ","TAIZA","京丹後市丹後町(cid:14059)人小字新ヶ原"
"近畿","京都","61076","宮(cid:8032)","みやづ","MIYAZU","宮(cid:8032)市字上司"
"近畿","京都","61111","(cid:11225)(cid:15215)","まいづる","MAIZURU","(cid:11225)(cid:15215)市字下福井　(cid:11225)(cid:15215)特別地域気象観測所"
"近畿","京都","61187","福知山","ふくちやま","FUKUCHIYAMA","福知山市字(cid:11432)(cid:7961)"
"近畿","京都","61206","(cid:10814)山","みやま","MIYAMA","南丹市(cid:10814)山町静原(cid:7264)野"
"近畿","京都","61242","園(cid:13450)","そのべ","SONOBE","南丹市園(cid:13450)町(cid:15342)田"
"近畿","京都","61286","京都","きょうと","KYOTO","京都市中京区(cid:12377)ノ京(cid:10143)(cid:7818)町　京都地方気象台"
"近畿","京都","61326","京田(cid:13238)","きょうたなべ","KYOTANABE","京田(cid:13238)市(cid:11780)(cid:12377)(cid:8062)"
"近畿","大阪","62016","(cid:11039)勢","のせ","NOSE","(cid:12751)(cid:11039)(cid:13446)(cid:11039)勢町地(cid:15332)"
"近畿","大阪","62046","枚方","ひらかた","HIRAKATA","枚方市星丘"
"近畿","大阪","62078","大阪","おおさか","OSAKA","大阪市中央区大手前　大阪(cid:10230)区気象台"
"近畿","大阪","62081","(cid:9173)(cid:14678)山","いこまやま","IKOMAYAMA","東大阪市山手町"
"近畿","大阪","62091","堺","さかい","SAKAI","堺市堺区(cid:9426)(cid:11209)鳥夕(cid:14268)町"
"近畿","大阪","62131","熊取","くまとり","KUMATORI","(cid:7976)南(cid:13446)熊取町朝代(cid:12377)"
"近畿","兵庫","63016","香住","かすみ","KASUMI","(cid:10814)方(cid:13446)香(cid:10814)町香住区森"
"近畿","兵庫","63051","(cid:12751)岡","とよおか","TOYO-OKA","(cid:12751)岡市(cid:7260)町　(cid:12751)岡特別地域気象観測所"
"近畿","兵庫","63071","兎和野高原","うわのこうげん","UWANOKOGEN","(cid:10814)方(cid:13446)香(cid:10814)町村岡区宿字(cid:11505)(cid:11177)野"
"近畿","兵庫","63121","和田山","わだやま","WADAYAMA","朝来市和田山町枚田"
"近畿","兵庫","63201","(cid:9173)野","いくの","IKUNO","朝来市(cid:9173)野町口(cid:13727)谷"
"近畿","兵庫","63216","柏原","かいばら","KAIBARA","丹(cid:7996)市柏原町柏原"
"近畿","兵庫","63251","一宮","いちのみや","ICHINOMIYA","宍(cid:10390)市一宮町東市場"
"近畿","兵庫","63321","福崎","ふくさき","FUKUSAKI","神崎(cid:13446)福崎町福崎新"
"近畿","兵庫","63331","(cid:12377)(cid:11045)","にしわき","NISHIWAKI","(cid:12377)(cid:11045)市上(cid:7834)延町"
"近畿","兵庫","63366","上(cid:13446)","かみごおり","KAMIGORI","(cid:12901)(cid:10001)(cid:13446)上(cid:13446)町与井"
"近畿","兵庫","63383","姫路","ひめじ","HIMEJI","姫路市神子岡前　姫路特別地域気象観測所"
"近畿","兵庫","63411","三田","さんだ","SANDA","三田市下(cid:8157)田"
"近畿","兵庫","63461","三木","みき","MIKI","三木市志染町広野"
"近畿","兵庫","63491","家島","いえしま","IESHIMA","姫路市家島町(cid:9535)(cid:8070)字御室寺"
"近畿","兵庫","63496","明石","あかし","AKASHI","明石市二(cid:12386)町南二(cid:12386)"
"近畿","兵庫","63518","神戸","こうべ","KOBE","神戸市中央区(cid:11045)(cid:8062)海岸(cid:13307)　神戸地方気象台"
"近畿","兵庫","63551","(cid:13446)家","ぐんげ","GUNGE","(cid:8144)路市多賀"
"近畿","兵庫","63571","(cid:8042)本","すもと","SUMOTO","(cid:8042)本市木戸　(cid:8042)本特別地域気象観測所"
"近畿","兵庫","63588","南(cid:8144)","なんだん","NANDAN","南あわじ市(cid:14143)万塩屋町"
"近畿","奈良","64036","奈良","なら","NARA","奈良市東(cid:10454)寺町　奈良地方気象台"
"近畿","奈良","64041","(cid:13610)","はり","HARI","奈良市都(cid:9838)友田町"
"近畿","奈良","64101","大宇(cid:14144)","おおうだ","OUDA","宇(cid:14144)市大宇(cid:14144)下(cid:10121)"
"近畿","奈良","64127","五(cid:7300)","ごじょう","GOJO","五(cid:7300)市三在町"
"近畿","奈良","64206","上北山","かみきたやま","KAMIKITAYAMA","吉野(cid:13446)上北山村小(cid:7606)"
"近畿","奈良","64227","(cid:14524)屋","かぜや","KAZEYA","吉野(cid:13446)十(cid:8032)川村(cid:14524)屋"
"近畿","和歌山","65026","かつらぎ","かつらぎ","KATSURAGI","伊都(cid:13446)かつらぎ町妙寺"
"近畿","和歌山","65036","友ケ島","ともがしま","TOMOGASHIMA","和歌山市加太(cid:11362)ケ沖島"
"近畿","和歌山","65042","和歌山","わかやま","WAKAYAMA","和歌山市(cid:9192)野(cid:11306)丁　和歌山地方気象台"
"近畿","和歌山","65061","高野山","こうやさん","KOYASAN","伊都(cid:13446)高野町高野山"
"近畿","和歌山","65121","(cid:8171)(cid:7880)","しみず","SHIMIZU","有田(cid:13446)有田川町(cid:8171)(cid:7880)"
"近畿","和歌山","65162","(cid:15455)神","りゅうじん","RYUJIN","田(cid:13238)市(cid:15455)神村(cid:8238)ノ又"
"近畿","和歌山","65201","川(cid:13238)","かわべ","KAWABE","日高(cid:13446)日高川町和佐"
"近畿","和歌山","65256","(cid:7209)(cid:7208)川","くりすがわ","KURISUGAWA","田(cid:13238)市中(cid:13238)路町(cid:7209)(cid:7208)川"
"近畿","和歌山","65276","新宮","しんぐう","SHINGU","新宮市佐野"
"近畿","和歌山","65306","(cid:12377)川","にしかわ","NISHIKAWA","東(cid:8761)婁(cid:13446)古座川町(cid:12377)川"
"近畿","和歌山","65356","(cid:8379)岬","しおのみさき","SHIONOMISAKI","東(cid:8761)婁(cid:13446)串本町(cid:8379)岬　(cid:8379)岬特別地域気象観測所"